first_name,last_name,email_address,mobile_no,address,contact_owner_id
Daphnee,Strosin,,1-888-296-8824,"Johns Underpass, Woodrowfort, QLD, 65032",20007
Deontae,Balistreri,,1-855-949-1346,"Dare Court, Goyetteton, ACT, 77334",20006
Jaida,Kuhlman,,855.919.1086,"Kaya Summit, Clemmieburgh, WA, 14152",20003
Oswald,Labadie,,888-300-7315,"Shyann Orchard, Gerlachfort, NT, 57144",20007
Leilani,Lemke,,(844) 745-2886,"Crooks Turnpike, New Emmitt, SA, 72392",20002
Caleb,Johns,,1-800-734-5091,"Bartell Fords, West Austinville, WA, 53810",20004
Alvis,Hirthe,,1-855-218-0030,"Lucienne Parkways, New Brooks, QLD, 2193",20002
Delaney,Ratke,,866-671-9716,"Berge Club, Runteton, ACT, 59783",20003
Johnathan,Atapattu Liyanage,,(94) 6739 4889,"SL Rd, Bariston, NW, 23810",20007
Brayan,Trantow,,877.985.7873,"Andreanne Via, South Brando, ACT, 22431",20005
Juwan,Pfeffer,,(877) 903-2626,"Adams Canyon, Christelleport, SA, 31376",20007
Bobbie,Quigley,,800-559-2710,"Nitzsche Route, Altenwerthborough, VIC, 76699",20004
Glennie,Leffler,,866-859-4162,"Prudence Loaf, New Veda, VIC, 27862",20003
Morton,Ziemann,,800.266.8406,"Conn Stream, Willmsmouth, WA, 45166",20003
Carmella,Zieme,,1-855-313-0774,"Maggio Burgs, East Torrance, NSW, 57169",20006
Everette,Weissnat,,(844) 316-3920,"Dedrick Squares, East Brando, WA, 32313",20003
Anika,Mills,,877.333.3423,"Keyon Manors, Lilianeland, VIC, 73362",20006
Gerardo,Wilderman,,855-248-2042,"Torphy Square, Lake Carymouth, NT, 12774",20002
Kamla,Janith Hapugolla,,(94) 1237 2131,"New Street, Josmithyas, NT, 23810",20004
Reuben,Becker,,(888) 852-8092,"Mozell Shores, Wardside, VIC, 95535",20004
Bettie,Funk,,1-888-828-2584,"Alessandra Course, Hintzside, ACT, 73142",20004
Edwin,Zieme,,1-800-392-2022,"Selina Run, Marilynemouth, NSW, 28297",20005
Nikita,Kunde,,1-877-642-2783,"Beier Branch, New Sherwoodtown, VIC, 51225",20004
Carmel,Jaskolski,,(888) 876-2310,"Jaycee Port, Audreystad, SA, 54371",20007
Antone,Mertz,,(877) 958-4635,"Spencer Circle, Juniorhaven, TAS, 47568",20004
Selmer,Mohr,,800.616.8507,"Turner Avenue, Heathcotemouth, ACT, 73797",20003
Karelle,Mayer,,855.963.0203,"Stracke Trail, Whiteberg, VIC, 2285",20003
Nikko,Schmeler,,1-866-817-3305,"O'Conner Crest, Joneshaven, TAS, 3590",20007
Omari,Wunsch,,(855) 683-9930,"Casey Mountain, Torranceburgh, NT, 73920",20001
Brenna,Kling,,800-695-6501,"Johns Mill, Milliefurt, VIC, 60100",20007
Timmy,Medhurst,,866-822-8022,"Nicholaus Mission, O'Keefeland, SA, 65576",20007
Nils,O,,(888) 510-3005,"Botsford Parkways, Port Carliville, NT, 69588",20004
Garth,Rice,,800.708.0474,"Dach Vista, West Noeliaville, TAS, 258",20003
Talia,Grimes,,1-888-254-2803,"Rempel Grove, New Deonberg, QLD, 94900",20007
Hilario,Stanton,,888.412.2799,"Gutkowski Stravenue, Paucekmouth, NSW, 4245",20007
Orville,Nikolaus,,844.415.0067,"April Mountains, Brandtview, QLD, 91109",20007
Libby,Hartmann,,844.630.9657,"Rae Street, South Ian, VIC, 27106",20007
Gus,Wiza,,855.363.9403,"Isaac Alley, North Oscarfort, WA, 21967",20002
Dylan,Legros,,1-888-312-9599,"Logan Turnpike, New Bart, ACT, 93546",20001
Maximillian,Pfeffer,,1-800-287-7830,"Mante Summit, Carolyneburgh, ACT, 13079",20001
Aglae,Jacobs,,844-491-8006,"Wunsch Gardens, Kaneport, QLD, 56185",20004
Jackson,Bartell,,888.978.4701,"Cielo Extension, Edytheton, NT, 43173",20006
Gabriella,Baumbach,,(877) 893-8836,"Schiller Trafficway, Labadieview, QLD, 8111",20004
Clara,Bogan,,855.933.6329,"Thompson Parks, Ornside, VIC, 30469",20006
Fae,Schamberger,,1-877-648-6322,"Forrest Village, New Hollie, TAS, 25996",20006
Columbus,Wuckert,,(888) 560-9893,"Satterfield Street, East Susanaland, TAS, 93716",20006
Jameson,Hudson,,(888) 783-2292,"Hegmann Flats, North Angelica, ACT, 83485",20003
Kenneth,Durgan,,1-877-237-6946,"Anjali Lane, East Stephanborough, TAS, 49973",20006
Leatha,Spinka,,877.294.4859,"Norbert Creek, West Violabury, SA, 71729",20002
Danielle,Lind,,888-942-8869,"Benton Squares, Winnifredfurt, WA, 61847",20005
Paul,Murphy,,(800) 826-7767,"Edison Burgs, Maynardbury, VIC, 79307",20006
Felipe,Kuhn,,844-613-6524,"Stark Circle, Krajcikton, SA, 21845",20001
Claudia,Conn,,800.319.6139,"Murphy Key, North Benniehaven, NT, 3014",20001
Bettie,Runolfsson,,855.316.2894,"Stracke Green, South Malachi, VIC, 2656",20007
Brice,Mitchell,,1-877-926-3044,"Simonis Greens, Tremblayhaven, VIC, 59316",20002
Lonie,Hackett,,(855) 708-3687,"Kamren Ridge, Gusikowskiville, VIC, 81510",20003
Johnathan,Lindgren,,1-866-703-9776,"Walsh Flats, Baileyberg, ACT, 26498",20002
Alycia,Wehner,,(888) 913-1641,"Moen Roads, Lake Ima, VIC, 26300",20004
Jakayla,Robel,,800.790.9335,"Heathcote Plaza, East Kieran, SA, 50629",20007
Melissa,Green,,866-404-2551,"Okuneva Loop, Lake Madalinemouth, SA, 9843",20005
Bill,Gottlieb,,1-866-360-2439,"Hodkiewicz Glens, East Griffinchester, TAS, 87242",20005
Aliyah,Hartmann,,(877) 854-4788,"Martina Mission, DuBuqueborough, WA, 67353",20001
Santa,Schowalter,,(844) 707-1754,"Saul Pines, Nestorton, TAS, 96557",20005
Aniyah,Mohr,,(888) 409-1315,"White Lights, East Aliyatown, QLD, 15385",20005
Howard,Aufderhar,,888.917.2415,"Luettgen Crest, New Joannie, QLD, 83729",20002
Gilbert,Koelpin,,877.810.5042,"Macejkovic Views, Hertaburgh, NSW, 49946",20007
Emely,Hessel,,1-800-994-1610,"Walter Freeway, Carlottafort, TAS, 57822",20005
Adrien,Swift,,866.645.0442,"Dorothea Shoal, Mertzside, WA, 74163",20002
Dustin,Larkin,,1-877-463-9177,"Hodkiewicz Forges, Grimesport, QLD, 42860",20001
Creola,Mraz,,877.812.6394,"Friesen Shoals, Bauchfort, NT, 59333",20001
Warren,Gleason,,800-327-7045,"Towne Tunnel, East Haylee, WA, 92192",20004
Benton,Roberts,,1-844-393-8627,"Moen Flat, Terrillberg, QLD, 51821",20005
Kennedy,Durgan,,1-800-367-3462,"Leuschke Cape, Lake Brianne, NT, 83498",20005
Trent,Spinka,,1-877-740-0839,"Carli Center, Juneside, NT, 63604",20003
Rick,Cremin,,855.674.0458,"Cummerata Spur, Lake Johnniestad, SA, 63586",20001
Jaylen,Legros,,800-243-1399,"Alex Crest, Champlinfort, NSW, 82454",20003
Syble,Koelpin,,800.531.1425,"Collin Glens, East Arnaldoborough, QLD, 85256",20004
Antwon,Fadel,,800.556.3611,"Spinka Track, North Hesterhaven, NSW, 23726",20002
Adonis,Pouros,,888.771.8327,"Alessia Alley, North Pietro, ACT, 68029",20003
Lorenz,Schultz,,866.733.9628,"Ellsworth Mission, North Chelseatown, VIC, 50797",20007
Jolie,Nikolaus,,866-225-4216,"Shyanne Loaf, East Delmerland, WA, 41374",20005
Zakary,Hettinger,,(877) 573-4569,"Medhurst Parks, Franeckichester, NSW, 34452",20003
Letha,Stehr,,(855) 298-2057,"Eladio Mountains, New Adela, SA, 69157",20004
Ara,Cormier,,(866) 873-4910,"Adrianna Manor, Mikelmouth, NSW, 63303",20007
D'angelo,D'angelo,,1-877-204-5045,"Cale Place, Port Tate, ACT, 45218",20005
Mara,Turner,,877-465-8149,"Dicki Prairie, West Osbaldo, WA, 60396",20002
Amiya,Sanford,,1-866-766-8817,"Roberts Pass, East Friedrich, ACT, 18252",20001
Bailee,Harris,,1-855-691-2347,"Melvin Port, New Anselfurt, WA, 46755",20005
Kellie,Schuppe,,(855) 375-6880,"Schoen Spur, Einarview, ACT, 44109",20003
Augusta,Murphy,,1-844-735-2875,"Jaeden Roads, Aureliomouth, ACT, 17784",20004
Myles,Kiehn,,1-888-460-3119,"Sofia Cape, Altenwerthport, NSW, 13020",20004
Junius,Gleichner,,800.413.8293,"Jast Trail, Shaniyamouth, WA, 54771",20006
Asha,Johnston,,1-877-991-6712,"Rodriguez Meadow, North Aishafurt, WA, 31362",20007
Gregg,Balistreri,,(877) 391-5814,"Oberbrunner Isle, Faheychester, WA, 65377",20007
Verona,Miller,,1-866-626-9420,"Kuhic Club, Boganhaven, VIC, 94137",20006
Louie,Berge,,844.821.5233,"D'Amore Wall, New Irmaburgh, QLD, 31246",20004
Rodger,Crist,,855.445.1040,"Euna Lane, Port Zulaberg, NT, 53985",20001
Helene,Hirthe,,877-367-9310,"Emmerich Plaza, Tretown, QLD, 63745",20006
Cornell,Bruen,,1-800-757-4372,"Glenda Mills, Port Jolietown, NSW, 81822",20007
Stevie,Rogahn,,(855) 271-7303,"Edmond Street, Quigleyville, SA, 5372",20001
Rosalee,D,,1-855-731-2418,"Daphne Neck, Lake Etha, QLD, 7146",20002
Kelly,Robel,,1-877-803-2430,"Williamson Inlet, Molliebury, NT, 8264",20001
Reanna,Lind,,866-812-2555,"Waylon Passage, Lake Claudie, WA, 95041",20004
Logan,Borer,,1-855-755-6544,"Naomi Square, South Shanie, SA, 56931",20003
Wilfrid,Lemke,,844.350.1164,"Witting Village, North Lora, SA, 41349",20001
Danielle,Kuhn,,877.235.2651,"Walter Village, Hagenesburgh, TAS, 13075",20005
Mara,Paucek,,1-855-361-9239,"Mathias Circle, Lakinville, SA, 91513",20006
Otilia,Ondricka,,855.337.8616,"Pascale Orchard, Port Adonis, NT, 5888",20004
Vicenta,Schmitt,,800.569.0624,"Jaylan Street, Pagacville, SA, 37967",20004
Karolann,Koss,,1-888-825-2100,"Lavern Bridge, South Alysonmouth, TAS, 77292",20006
Narciso,Yost,,(888) 491-0850,"Doyle Rapid, Beahanmouth, QLD, 80301",20003
Zola,Zemlak,,1-844-359-5057,"Veum Skyway, West Justus, TAS, 19701",20003
Dewayne,Will,,866.481.0066,"Samir Vista, New Richiehaven, SA, 6162",20004
Myrna,Pagac,,855.246.5452,"Adella Mount, West Weldonville, WA, 19940",20006
Zoila,Pollich Jayasumana,,(844) 766-4682,"Judy Turnpike, Savanahchester, TAS, 80516",20005
Reid,Pollich,,1-877-380-1826,"Langosh Summit, North Samaraberg, SA, 9119",20003
Shayna,Kemmer,,1-877-665-3499,"O'Conner Mills, Alyciabury, TAS, 65655",20006
Brock,Moen,,877.998.8529,"Bogan Rest, Clementinaville, VIC, 48220",20001
Lura,Lebsack,,866-361-7973,"Huel Freeway, Sengerhaven, ACT, 11859",20007
Ned,Vandervort,,(844) 476-7422,"Reece Ridges, Millerhaven, SA, 57356",20002
Elda,Farrell,,1-844-313-6486,"Haley Pike, Stantonport, WA, 84378",20006
Nannie,Nitzsche,,(866) 875-3404,"Shawna Union, Antonetteport, TAS, 98416",20003
Jaime,Hessel,,844-786-8944,"Schulist Row, Lavernaberg, SA, 16183",20004
Francesca,Koss,,1-800-498-9674,"Von Harbor, North Jane, TAS, 903",20002
Paige,Bernhard,,(800) 939-9939,"Kianna Island, Luciuston, TAS, 51195",20004
Marcelina,Shanahan,,(800) 458-1568,"Lamar Extension, Turcottetown, NSW, 68344",20006
Helmer,O,,855.662.7724,"Weber Mountains, Cleohaven, TAS, 93125",20005
Toy,Goodwin,,855-980-2172,"Funk Walk, West Teresastad, NT, 44055",20001
Sylvan,Pollich,,855-889-7772,"Kamille Overpass, Hintzside, QLD, 75154",20002
German,Fritsch,,855-304-8232,"Grimes Mission, Denesikport, SA, 83206",20005
Perry,Greenholt,,866-865-3154,"Nicolas Brooks, Bartellbury, TAS, 45956",20005
Jess,Hackett,,(866) 276-5315,"Thiel Roads, East Dorotheaberg, VIC, 45367",20003
Annabel,Schroeder,,(800) 544-1141,"Aurore Mountains, Violettemouth, VIC, 6061",20003
Eloise,Becker,,866-915-6292,"Turcotte Plains, East Marcelbury, NT, 99890",20002
Maxwell,Monahan,,(800) 464-0326,"Candido Radial, North Josefina, SA, 78561",20001
Concepcion,Volkman,,888.595.2061,"Agustina Streets, Harveyberg, VIC, 48910",20003
Luz,Hamill,,855.767.6383,"Chyna Vista, Port Lina, SA, 32557",20003
Kareem,McGlynn,,866-788-4847,"Rosemarie Path, Ryanborough, WA, 47528",20004
Monte,Zemlak,,888.653.3218,"Tevin Corner, Jailynchester, NT, 5709",20002
Kayli,Flatley,,800-827-8079,"Turcotte Gardens, Lake Woodrowside, ACT, 68059",20001
Brant,Renner,,888-381-1742,"Mann Crescent, Lake Adah, ACT, 81085",20001
Kayla,Metz,,1-855-869-2390,"Predovic View, Port Jalenton, TAS, 43236",20004
Alycia,Crooks,,(866) 971-2826,"Avis River, Luettgenview, QLD, 61157",20001
Buster,Huels,,(877) 780-8526,"Bashirian Parkways, Lake Dameon, SA, 79759",20006
Kennedy,Herzog,,1-855-382-2065,"Grimes Ville, Maximillianton, ACT, 25809",20005
Agnes,Raynor,,1-844-426-5253,"Muller Key, Port Katharina, ACT, 26707",20002
Arnaldo,Vandervort,,877.642.5043,"Becker Causeway, Maybelleberg, TAS, 62905",20005
Macy,Stokes,,1-877-695-4074,"Schmidt Center, East Faye, ACT, 60129",20006
Eldora,Kiehn,,(844) 293-6976,"Hamill Vista, Quigleyborough, WA, 98940",20002
Joelle,Marvin,,855.462.4136,"Luther Walks, Lake Nya, TAS, 93284",20005
Jayme,Quigley,,1-888-745-6538,"Charlie Shore, Hermanntown, NT, 59180",20002
Nicolette,Simonis Rasaduna,,(800) 291-7813,"Lydia Plaza, Gianniburgh, SA, 84096",20007
Providenci,Marquardt,,866.437.0292,"Lind Meadow, Lake Reese, SA, 60748",20006
Bonita,O,,888.532.7300,"Gottlieb Motorway, Jakubowskihaven, NT, 4864",20001
Adela,Green,,(855) 642-7227,"Tianna Mountains, Port Margretview, QLD, 20364",20004
Holden,Keeling,,(877) 603-4059,"Newell Ports, South Martinaburgh, VIC, 92985",20006
Kacey,O,,844.464.5403,"Maya Loaf, Okunevamouth, TAS, 16286",20006
Lavinia,Ruecker,,(844) 918-6237,"Emmett Crossing, Port Joannie, QLD, 62644",20007
Kayden,Kessler,,1-866-432-2672,"Clemens Falls, Janiyaside, NSW, 68961",20001
Mollie,Gerlach,,800.960.5805,"Funk Route, North Dorthymouth, VIC, 30470",20002
Maegan,Strosin,,(866) 304-6765,"O'Hara Circle, Fritschport, VIC, 20906",20004
Pascale,Dietrich,,(800) 484-5798,"Deshaun Falls, Madisenmouth, QLD, 95574",20004
Annabelle,Gislason,,844-751-4668,"Dora Dale, Masonmouth, TAS, 91319",20003
Donna,Franecki,,877.273.0303,"Ondricka Village, Eleonoreburgh, WA, 35378",20001
Lea,Herman,,1-844-996-4638,"Jast Circle, Considinechester, ACT, 86315",20004
Colten,Monahan,,(877) 226-9776,"Benedict Burg, North Camrenfort, NT, 476",20007
Christelle,Gibson,,855.223.8569,"Bernier Village, Gerholdshire, WA, 94504",20007
Pasquale,Fay,,888-444-2062,"Bernadine Village, North Nicola, NT, 86441",20007
Kacie,Stiedemann,,855-528-0788,"Camila Trail, Tatumfurt, VIC, 44219",20006
Alexander,Streich,,800-229-0389,"Marquardt Turnpike, Lake Asia, SA, 20142",20005
German,Roberts,,1-855-613-4863,"Lionel Motorway, Balistrerishire, VIC, 46264",20004
Noemy,Osinski,,1-855-805-6576,"Ankunding Crescent, New Fabianfurt, ACT, 54999",20001
Reina,Macejkovic,,800-243-0672,"Carlie Locks, South Jeffreyburgh, NT, 93313",20001
Mauricio,Eichmann,,866.736.3304,"Towne Drives, South Earlland, QLD, 72006",20005
Everette,Schaden,,1-800-882-0053,"Collins Streets, Lake Nicolasfurt, TAS, 70037",20002
Iva,Abernathy,,(866) 764-0503,"Durgan View, New Benedictbury, WA, 28752",20002
Rosa,Ankunding,,888.623.2763,"Araceli View, Sporertown, WA, 82132",20007
Carlee,Gerhold,,1-844-710-8017,"Heller Inlet, Watsicaton, WA, 18049",20006
Otho,Stamm,,855-438-4503,"Nico Forest, North Mohammadchester, QLD, 63118",20001
Tiffany,Morar,,866-528-7764,"Rempel Shore, South Reynoldborough, TAS, 82002",20003
Alisha,Deckow,,877-348-6018,"Feest Summit, Darronfort, QLD, 20548",20005
Jamel,Roberts,,855-226-6233,"Farrell Knoll, Kertzmannton, ACT, 34765",20001
Darien,Krajcik,,1-888-261-1810,"Cassidy Burgs, Sydneefort, TAS, 72799",20006
Quinten,Towne,,844-500-3072,"Reilly Lakes, Port Darbyport, NSW, 2035",20007
Kailey,Wehner,,1-866-203-8782,"Mills Squares, Lake Demarco, NT, 33140",20004
Hobart,Lindgren,,1-844-798-8651,"Greenholt Glen, Hegmanntown, SA, 95527",20001
Domenic,Armstrong,,855-958-4308,"Skiles Ferry, New Stephanfurt, ACT, 26176",20001
Zetta,Thompson,,(800) 725-5745,"Arnoldo Orchard, Port Devonshire, ACT, 12375",20007
Mabel,Anderson,,888-963-0211,"Faye Isle, East Haleigh, QLD, 48616",20003
Rupert,Mante,,855-706-7637,"Jamel Valley, West Madalynchester, WA, 25065",20006
Josie,Yundt,,1-866-772-8756,"Barrows Unions, Aliaborough, ACT, 68673",20003
Lura,Nader,,800-993-6773,"Jenifer Squares, Dietrichburgh, QLD, 23832",20004
Tyler,Daugherty,,1-866-373-1132,"Kertzmann Islands, Icieberg, ACT, 61992",20005
Tyson,Weissnat,,855-482-9702,"Jonatan Island, New Cadeport, TAS, 56253",20006
Flo,Smith,,(877) 403-8926,"Kuhlman Hills, Norabury, SA, 59821",20005
Enrique,Daniel,,1-866-436-4535,"Marianne Land, Ralphview, SA, 9556",20004
Randal,Hansen,,(855) 912-5069,"Metz Mountain, New Delta, VIC, 10809",20006
Adrian,Quitzon,,855-647-3552,"Chester Fields, Vinniebury, QLD, 17823",20005
Korey,Balistreri,,844-728-5117,"Mosciski Forks, Blickmouth, WA, 44011",20003
Jack,Bailey,,866.926.9032,"Denesik Ford, Mohrville, NT, 32641",20007
Kayla,Luettgen,,866-445-3858,"Rutherford Common, Lake Rogers, SA, 34134",20006
Eldridge,Barton,,877-359-8747,"Schmidt Gardens, Port Isaiahshire, TAS, 61010",20003
Royal,Osinski,,(800) 677-8573,"Rashawn Islands, New Mattie, TAS, 93236",20004
Jaden,Mante,,(844) 961-4358,"Hazle Vista, Stefanietown, NSW, 97748",20005
Melyna,Aufderhar,,844-678-2434,"Koss Parks, Leliaville, NSW, 97075",20002
Willow,Blanda,,1-855-408-4642,"Bergnaum Viaduct, Jakubowskiborough, SA, 31759",20002
Wanda,Schoen,,1-877-849-5767,"Greenholt Place, Port Griffin, WA, 69758",20006
Jewel,Lang,,1-877-549-1915,"Price Forge, Reichelberg, WA, 74257",20002
Delbert,Schmeler,,844.519.9564,"Curtis Via, Conroyport, NSW, 45374",20002
Milo,Bogisich,,877.418.7676,"Briana Walk, Fannymouth, ACT, 44481",20004
Kayden,Berge,,(888) 776-2537,"Tatum Glens, Cartwrightborough, VIC, 5345",20006
Zetta,Hilpert,,844.302.2962,"Cleta Forges, East Trey, QLD, 20806",20006
Elliott,Schiller,,1-888-871-5089,"Lynn Viaduct, West Leopoldo, VIC, 74740",20002
Jakayla,Grimes,,888-228-5540,"Madyson Highway, Port Kaitlin, TAS, 13972",20003
Noemy,Hintz,,844.506.6261,"Mack Groves, Bradtkeberg, SA, 75113",20004
Toney,Langosh,,800-533-1715,"Quigley Stream, North Maiya, SA, 59772",20007
Alexandre,Wisoky,,888-894-0557,"Emilio Skyway, Maximeside, SA, 98941",20007
Imani,Kuhn,,1-855-297-7337,"Greenfelder Inlet, New Jarvis, TAS, 94900",20003
Cory,Cummings,,(866) 747-3132,"Crona Avenue, Fernandoport, VIC, 83904",20004
Laron,Grant,,(800) 666-1913,"Stark Falls, Russelmouth, NSW, 49819",20005
Anastasia,Kemmer,,1-844-990-1139,"Hammes Spurs, Ransomburgh, VIC, 25642",20005
Darryl,Skiles,,855.576.8419,"Erdman Shores, South Claudberg, NT, 64647",20003
Laron,Jakubowski,,855-680-2565,"Cindy Plain, Alexfurt, WA, 18599",20003
Margaret,Deckow,,1-855-537-6283,"Reichel Viaduct, Ansleyton, QLD, 57163",20002
Gennaro,Rogahn,,855-220-8688,"Ellis Port, East Dedrick, SA, 90222",20001
Alysa,Welch,,844.574.9721,"Concepcion Fort, Kutchfurt, ACT, 28660",20005
Julianne,Ernser,,1-855-208-4055,"Kemmer Circles, Jedidiahhaven, NT, 52539",20004
Hilma,Aufderhar,,(877) 546-0828,"Jovan Overpass, South Janice, SA, 87320",20007
Akeem,Hintz,,877.385.3004,"Darrion Underpass, Port Hollis, NT, 2641",20006
Roel,Kunze,,(855) 217-8975,"Cole Walk, West Emmett, QLD, 95993",20002
Oma,Willms,,888-581-5350,"Virginia Row, Kozeyton, ACT, 37642",20005
Maverick,Feeney,,877-587-4206,"Nayeli Cape, Beulahtown, WA, 7404",20005
Paige,Kassulke,,(855) 888-3342,"Goodwin Flats, North Raina, ACT, 55023",20006
Savion,Powlowski,,(844) 579-7851,"Melyna Trace, Johnsbury, ACT, 98262",20006
Jena,Beier,,877.399.9604,"Elmo Valley, North Parkerview, NT, 4406",20004
Kiarra,West,,1-800-584-0092,"Bell Dale, New Aurelia, TAS, 41202",20004
Harrison,Heller,,888-983-5910,"Heidenreich Corners, Streichview, VIC, 30847",20007
Alba,Gusikowski,,888.489.5310,"Katarina Ridges, Wittingville, NT, 47480",20007
Randy,Corwin,,888-200-2274,"Adelle Skyway, New Lindsayton, NSW, 30066",20005
Winston,Ebert,,800.504.6286,"Myah Prairie, Wardchester, TAS, 28205",20005
Harmony,Zboncak,,1-800-809-6895,"Price Field, Port Julie, NSW, 96573",20001
Luis,DuBuque,,(844) 628-3648,"Bertrand Cliff, Port Brodyberg, QLD, 14432",20001
Garry,Rau,,1-800-220-3548,"Rick Trail, Patriciamouth, QLD, 44947",20007
Raphael,Russel,,(844) 792-9195,"Stoltenberg Square, Grantshire, NSW, 21781",20003
Halle,Sawayn,,1-844-788-5481,"Lind Cliffs, Wunschbury, ACT, 44302",20001
Zula,Tillman,,1-877-783-8922,"Schmidt Glens, Javierburgh, NT, 90570",20005
Madisyn,Volkman,,(866) 626-0231,"Gino Isle, East Casimer, VIC, 76143",20002
Myrl,Reinger,,1-877-368-3981,"Kianna Pike, Loweland, TAS, 23250",20004
Candice,Rosenbaum,,1-855-557-3523,"Reyna Street, South Celestinotown, SA, 7731",20001
Deondre,Brown,,(844) 524-7996,"Cindy Bridge, Lockmanshire, TAS, 86271",20004
Matilde,Leuschke,,(888) 792-5090,"Nadia Walk, South Donnatown, TAS, 75833",20006
Guadalupe,Oberbrunner,,866-854-7540,"Carroll Ways, Krisshire, SA, 95315",20001
Fannie,Klein,,(888) 728-7257,"Luther Crossing, North Chesleyfort, VIC, 90173",20002
Tressie,Durgan,,(800) 474-5891,"Elmira Roads, Isaiahshire, SA, 73080",20004
Dina,Purdy,,855-526-8067,"Lockman Square, Shanieville, SA, 4477",20006
Arianna,Koss,,855.306.0565,"Marquise Lodge, Gorczanyport, TAS, 30300",20004
Valentine,Hagenes,,844-506-4954,"Morissette Hollow, Strackeview, NT, 77248",20004
Rudy,Kutch,,1-866-652-0302,"Rohan Parkway, Darrionview, TAS, 92529",20004
Reba,Rath,,1-877-863-4514,"Hoeger Springs, New Carmellaview, TAS, 42498",20005
Maximilian,Walsh,,855-751-2866,"Linwood Freeway, Port Ignaciobury, NSW, 64301",20002
Hermina,Miller,,(844) 714-9995,"Roxanne Crescent, New Carolyne, QLD, 30007",20005
Genoveva,White,,855.941.2720,"Duncan Run, West Ova, QLD, 34310",20005
Hank,Lynch,,1-866-614-6639,"Manuel Rapid, South Robertaland, SA, 7809",20006
Deondre,Robel,,855.779.3762,"Murray Mews, Geraldland, NSW, 96914",20003
Mafalda,Yundt,,888-607-3624,"Pietro Isle, New Cleveland, SA, 50072",20007
Westley,Mann,,844.921.9382,"Jones Branch, West Gonzalo, QLD, 83194",20006
Josefina,Schuster,,(844) 995-6771,"Ava Ridges, Fadelside, VIC, 71773",20005
Darian,Jerde,,(800) 612-5637,"Kreiger Street, Lake Maudfurt, TAS, 44664",20003
Faustino,Swift,,844.709.9115,"Devan Locks, Koeppburgh, NT, 56926",20007
Trevion,Predovic,,(888) 938-2678,"Alvena Lane, Port Moriah, WA, 12699",20003
Allen,Hauck,,1-844-590-4287,"Mae Harbor, North Carmella, QLD, 61068",20003
Emilia,Heidenreich,,888.766.6622,"Fay Lane, East Gerard, QLD, 21862",20006
Elna,Streich,,1-844-827-2896,"Cornell Mission, Domenickberg, TAS, 50718",20005
Drew,Beatty,,(855) 422-1805,"Welch Mountains, Deltaton, NT, 79230",20007
Clare,Aufderhar,,866.515.5079,"O'Conner Mountain, South Bailee, ACT, 57456",20001
Rosalind,Brakus,,877.637.7052,"Amaya Parks, Port Niko, ACT, 78846",20001
Hugh,Mante,,855-368-9475,"Kayden Shoals, Harrisshire, WA, 71116",20007
Norval,Baumbach,,(844) 839-8230,"Crystal Mountains, North Melyssa, VIC, 35001",20003
Heaven,Harris,,(855) 395-4766,"Fiona Island, North Makaylamouth, NSW, 82457",20006
Webster,Stokes,,(855) 413-8547,"Glover Wells, Casperside, SA, 67766",20007
Aric,McClure,,844.962.2448,"Neha Stravenue, North Gay, NSW, 75138",20001
George,Robel,,877-291-0902,"Verna Mountain, New Francescahaven, VIC, 74254",20005
Reed,Deckow,,(844) 970-2055,"Lehner Crossroad, West Providenciberg, WA, 4251",20004
Paige,Bauch,,877-578-2636,"Saul Ports, Lake Tiffany, VIC, 84117",20002
Dallin,Cormier,,(800) 626-4627,"Augustus Common, Lake Naomie, SA, 77923",20001
June,Heaney,,855-480-5330,"Rosanna Green, West Jeanette, VIC, 99885",20003
Era,Waters,,855-750-5086,"Tremayne Extensions, West Aaronville, NSW, 66185",20003
Lauren,Murazik,,1-844-968-3943,"Crist Glens, North Arnulfo, ACT, 4336",20007
Buford,O,,(866) 742-6340,"Laisha Street, North Adrielstad, SA, 44841",20006
Laisha,Yost,,844-492-3602,"Kozey Gardens, Conniechester, NSW, 94852",20002
Cathryn,Rowe,,1-844-441-5205,"Sofia Orchard, West Jerodview, NT, 43936",20001
Erin,Gislason,,855-750-3733,"Kareem Alley, Wittingberg, WA, 53949",20005
Collin,Ritchie,,1-877-508-6375,"Joel Groves, Leonormouth, VIC, 47528",20005
Constantin,Stroman,,888.296.6453,"Lydia Station, South Irvinghaven, ACT, 85230",20006
Julianne,Parisian,,1-888-297-9020,"Daron Crossroad, Darrylfurt, ACT, 57104",20003
Aryanna,Dach,,844.780.8769,"Harris Key, Lake Otto, WA, 74931",20005
Darrell,King,,877-625-0537,"Bernier Center, Lake Susie, ACT, 17066",20004
Ali,Rice,,1-888-639-5605,"Diamond Prairie, New Coletown, ACT, 62960",20006
Elvis,Walsh,,844-633-4136,"Kyla Path, South Angelinaville, TAS, 51851",20002
Asa,Zieme,,844.393.0532,"Conroy Island, South Judson, NT, 22797",20002
Vicky,Gutmann,,800-944-6588,"Rau Pass, Abernathyborough, SA, 4722",20004
Zula,Quitzon,,1-844-891-4727,"Rylee Pass, Rhodastad, WA, 82866",20006
Laverna,Bailey,,844-931-0197,"Darrin Crossing, Lake Janie, TAS, 69024",20001
Salma,Huel,,866.885.1426,"Josh Mission, North Wyman, TAS, 47851",20002
Marlene,Hettinger,,1-888-391-3919,"Ahmad Branch, Padbergchester, QLD, 85379",20007
Helga,Lehner,,1-800-650-4517,"Orn Mall, South Mikefurt, QLD, 65174",20002
Euna,Witting,,(855) 699-3185,"Zita Divide, Lindland, NSW, 63342",20007
Kenneth,Abbott,,1-800-266-8918,"Buddy Parkways, Zorachester, QLD, 88727",20007
Gilberto,Lowe,,(866) 233-7288,"Brenda Spur, Port Henry, QLD, 41749",20004
Serena,Glover,,855.871.9557,"Lyda Pine, Macejkovicville, TAS, 85386",20004
Catharine,Wolff,,(866) 434-7793,"Elsa Alley, Vancechester, SA, 50790",20007
Bridgette,Miller,,844-797-5587,"Krajcik Crescent, Maximilianville, WA, 58940",20001
Brandy,Cormier,,(800) 485-9081,"Crona Port, Immanuelmouth, SA, 68714",20007
Porter,Beer,,855.834.8034,"Zulauf Lodge, Wizaville, NSW, 84858",20004
Arnold,Hartmann,,1-844-390-1464,"Jenkins Mill, Constanceland, NSW, 53516",20006
Khalil,Stiedemann,,855-714-6793,"Ruben Mountain, New Ashleighchester, WA, 71685",20002
Henderson,Gibson,,844-988-1486,"Aufderhar Plain, Port Eulahville, ACT, 48511",20003
Bryon,Maggio,,(888) 365-8491,"Erna Port, West Colehaven, NSW, 8331",20001
Una,Romaguera,,877.382.5045,"Fadel Views, Lakinside, NT, 47729",20003
Larry,Terry,,1-866-226-2826,"Nigel Station, West Tateberg, TAS, 76575",20005
Maxie,Konopelski,,1-866-656-8152,"Dedric Island, New Lafayetteside, TAS, 79151",20002
Coby,Berge,,844.517.1075,"Jarret Wall, Considineberg, ACT, 92744",20006
Zella,Rempel,,888-396-7748,"Cleo Roads, Erynmouth, TAS, 20544",20005
Stanford,Goyette,,(855) 369-9320,"Wolff Brook, East Keaton, NT, 16623",20002
Katelynn,Huels,,1-877-899-8396,"Juliana Port, Moorehaven, VIC, 66513",20007
Kade,Beatty,,877.882.5154,"Darby Expressway, Lake Ashley, ACT, 13381",20007
Hermina,Robel,,855.528.1223,"Kunze Garden, West Estefania, NT, 61200",20001
Margot,Von,,877-338-0690,"Jakubowski Rapids, West Maxwell, QLD, 47556",20004
Bertram,Veum,,1-844-794-3987,"Barry Underpass, East Twila, SA, 8452",20003
Lexus,Fritsch,,877-626-5106,"Kirlin Gardens, Lake Lindseychester, ACT, 53701",20005
Erich,Ratke,,844.802.3428,"Mraz Station, Lake Crystel, QLD, 3083",20006
Adeline,Wiza,,1-800-230-5429,"Schmidt Stream, West Arnoldville, ACT, 28969",20005
Isobel,Mayert,,1-888-708-6954,"Lorna Falls, Lilafort, NSW, 39077",20001
Regan,Hermann,,855-699-0055,"Gardner Square, East Dino, NSW, 19292",20006
Raphael,Okuneva,,800-209-6680,"Britney Mountain, Lake Waino, TAS, 65288",20005
Aileen,Gorczany,,1-800-530-6230,"Jayme Trail, Lake Rebamouth, QLD, 68254",20004
Joan,Spencer,,877.888.9099,"Sawayn Ford, East Gudrunmouth, VIC, 54931",20001
Luther,Fadel,,866.740.2078,"Rice Passage, Kennithport, TAS, 78741",20004
Kirsten,Cronin,,866.741.4622,"Keon Street, New Afton, VIC, 65121",20004
Nick,Gerlach,,(855) 293-2624,"Vita Courts, Port Walton, QLD, 95833",20003
Idella,Hills,,888.930.2578,"Camryn Prairie, Port Heloise, SA, 25533",20005
Sonya,King,,1-855-534-2187,"Estevan Islands, Sporerport, VIC, 95030",20004
Malika,Kris,,844.273.6774,"Jonathon Viaduct, New Dejaland, ACT, 86792",20002
Breana,Konopelski,,877-723-4936,"Gusikowski Plaza, Jamaalbury, ACT, 67089",20004
Leola,Schaefer,,877-542-3543,"Renee Pike, Kreigerland, WA, 55106",20004
Hallie,Metz,,(888) 390-7436,"Frederik Knoll, Omariberg, NT, 51491",20005
Daniella,Ernser,,1-888-534-9270,"Barton Square, Port Janessa, SA, 12786",20003
Kelton,Spencer,,1-844-847-6952,"Chaya Points, East Letachester, VIC, 53065",20002
Saige,Lubowitz,,(855) 246-5853,"Wisoky Ridge, Marquardtmouth, ACT, 48481",20007
Edwardo,Grant,,866-436-5934,"Dorris Fields, South Audreanneberg, WA, 36663",20005
Sibyl,Ernser,,(877) 972-7071,"Travon Plain, New Mandy, NT, 63090",20002
Theron,Treutel,,(844) 597-0940,"Ryan Well, Lake Justus, VIC, 70596",20005
Linnea,Becker,,(844) 419-5231,"Mckenna Ways, South Maverickfort, ACT, 2476",20005
Foster,Dietrich,,(800) 239-0849,"Bernier Trafficway, Terrenceview, SA, 25555",20006
Ralph,Bahringer,,844.667.6600,"Jay Key, East Kamille, TAS, 61992",20005
Abigayle,Hagenes,,800-219-7135,"Mathew Walk, Gulgowskiburgh, ACT, 52313",20001
Jane,Friesen,,(877) 761-7981,"Kennedy Pike, South Felicitaview, TAS, 18018",20004
Telly,Haley,,877.869.2730,"Dillan Plains, South Darby, TAS, 52934",20005
Jamarcus,Rippin,,(866) 962-0838,"Pat Ville, Bechtelarside, NSW, 92956",20005
Karine,Pagac,,1-877-398-6214,"Yost Fields, Lake Carter, NT, 82567",20001
Markus,Strosin,,866-633-1996,"Hanna Pass, Paucekside, ACT, 66996",20001
Alfonzo,Gleichner,,866-657-2713,"Legros Mall, Tadborough, QLD, 8093",20001
Reba,Bins,,844-509-1030,"Kieran Drive, Ziemeberg, NT, 11724",20005
Joaquin,Hudson,,1-844-258-5190,"Streich View, Giannifurt, SA, 21153",20005
Andre,Volkman,,844-892-0069,"Pollich Locks, Kassulkebury, WA, 93545",20002
Bruce,Koss,,866-420-0457,"Armstrong Springs, West Lillieburgh, VIC, 56600",20006
Marjory,Swaniawski,,866-809-5140,"Jaquelin Mall, West Shermanland, VIC, 30368",20005
Pinkie,VonRueden,,877.891.7064,"Kaylie Mill, New Holly, VIC, 15502",20007
Neoma,Murray,,(877) 393-6632,"Emely Estate, Port Harry, NSW, 80399",20001
Luna,Goyette,,855.809.6940,"Howe Ridge, Karinaberg, QLD, 35141",20003
Rubye,Hagenes,,800-987-3848,"Elian Viaduct, Jaskolskitown, SA, 24880",20002
Eve,Lubowitz,,866.923.6464,"Abby Walks, Gerardport, QLD, 61518",20007
Bertrand,Collier,,866-671-4276,"Gottlieb Pike, McGlynnborough, QLD, 83457",20005
Avery,Fritsch,,866-368-0709,"Metz Court, Nettiehaven, QLD, 94847",20006
Darian,Ernser,,(866) 756-9935,"Beier Manor, Lake Raymond, TAS, 56124",20003
Audie,Zieme,,1-844-651-8997,"Christiansen Place, Jeremyview, QLD, 35600",20002
Paxton,Wehner,,(855) 248-8817,"Wilkinson Well, Gailborough, WA, 47409",20003
Marcelino,Gleason,,(888) 365-1274,"Cora Plaza, Dewaynechester, QLD, 85598",20002
Robbie,Nikolaus,,(800) 873-8251,"Ritchie Route, Yadiramouth, NSW, 6660",20003
Gabrielle,Brekke,,(844) 915-5861,"Don Junctions, Lake Melodyport, QLD, 70250",20004
Alessandra,Marvin,,(800) 423-7946,"Harley Gateway, West Ulicesbury, QLD, 1159",20001
Maiya,Padberg,,888.636.1632,"April Centers, Leonorfurt, NT, 78985",20003
Lloyd,Hartmann,,844-690-2972,"Botsford Field, Port Lou, TAS, 43954",20005
Shawna,Shanahan,,877-676-7472,"Hodkiewicz Lane, Garrettstad, TAS, 90674",20002
Cristopher,Green,,888.517.3074,"Karelle Route, North Adolfoton, WA, 96439",20002
Cali,Bechtelar,,866-299-1100,"Shanahan Knolls, Millsburgh, SA, 30252",20004
Jennie,Langworth,,800-629-3967,"Rodriguez Inlet, New Santinomouth, SA, 77905",20006
Gay,Zemlak,,1-844-796-8542,"Nicolette Islands, Wardberg, WA, 60661",20007
Rowland,Murphy,,1-888-932-6023,"Terrell Ferry, West Lorenzastad, ACT, 68072",20001
Darion,Upton,,855.618.1562,"Clara Plains, Dominiqueview, TAS, 19822",20001
Candice,Zulauf,,(800) 392-1521,"Kristin Squares, West Heatherhaven, SA, 57347",20006
Juwan,McDermott,,1-844-403-7983,"Delbert Junctions, Grahamshire, WA, 95898",20002
Maci,Rosenbaum,,866-265-5388,"Dooley Bypass, Dooleyberg, WA, 43133",20007
Brooke,Ledner,,(866) 442-3010,"White Way, Kreigershire, WA, 27274",20001
Dalton,Considine,,877.828.1393,"Russel Mission, South Genevieve, NSW, 79580",20006
Kallie,Macejkovic,,(800) 376-2145,"Frances Hollow, O'Connelltown, NSW, 52932",20004
Juliana,Gleason,,1-877-850-8996,"Howe Terrace, Hermistonmouth, TAS, 87826",20001
Helene,Schmidt,,866-445-9351,"Lowe Fork, Talonport, VIC, 7094",20001
Odie,Bechtelar,,1-844-672-8471,"Helena Squares, Lake Isabellaville, VIC, 33799",20005
Blake,Wilderman,,877.471.0942,"Mckayla Estate, Marialand, NT, 75016",20006
Will,Gerlach,,1-888-907-9117,"Nolan Mill, Vernaport, QLD, 47782",20006
Colten,Stroman,,866.798.0563,"Jacobson Lodge, Rupertborough, ACT, 76401",20005
Effie,West,,888-627-8515,"Aric Brooks, Isaiaston, QLD, 82016",20001
Lelia,Kub,,(877) 201-0842,"Cummerata Mountains, Port Cloyd, NSW, 7191",20004
Edna,Boehm,,(800) 356-1651,"Schmeler Extension, Elyseview, TAS, 61602",20001
Lowell,Gleason,,877.253.5216,"Mueller Heights, West Letitia, VIC, 394",20001
Kylee,Trantow,,844.344.6396,"Fidel Point, Hansenton, ACT, 67047",20004
Ephraim,Bins,,1-866-829-0525,"Osinski Place, Kshlerinport, VIC, 74147",20001
Cloyd,Pfeffer,,888.717.0423,"Lynch Way, New Anabel, WA, 81023",20005
Verona,Johns,,844.605.3079,"Huels Ford, West Mikelburgh, NSW, 80940",20003
Lia,Waters,,800.450.6846,"Erdman Springs, South Heidimouth, ACT, 65105",20007
Chanelle,Littel,,1-844-785-2298,"Streich Stream, South Geoffreyfort, TAS, 53576",20005
Electa,Paucek,,1-877-373-8789,"Davin Extension, Danialton, NT, 18765",20005
Vita,Kozey,,(866) 230-8468,"Aufderhar Loaf, East Elsie, NSW, 14913",20006
Dayana,Stanton,,855-280-5479,"Altenwerth Point, Alexaneside, VIC, 35308",20001
Emmet,Jacobs,,1-855-446-3827,"Rogahn Views, Port Erling, QLD, 48320",20006
Dell,O,,1-800-830-3064,"Macey Extensions, Mannshire, SA, 83476",20001
Janelle,Pagac,,855-969-0670,"Sanford Estates, Jaceystad, SA, 80039",20006
Terrill,Barton,,866.958.1864,"Zoila Island, North Payton, SA, 59091",20006
Leila,Beahan,,(877) 349-8567,"Mustafa Highway, New Roslynfort, VIC, 19865",20007
Donnell,Witting,,1-877-710-0909,"Devyn Via, Chynaland, NSW, 29058",20002
Maddison,Fadel,,866-954-4302,"Sandy Rapids, Daxborough, SA, 57145",20003
Korey,O,,800.580.2028,"Humberto Village, Borershire, ACT, 34687",20003
Alexzander,Zboncak,,(877) 770-5351,"Urban Brooks, Mertzland, TAS, 54601",20005
Daisha,Toy,,1-888-832-1770,"Abby Way, North Tannerchester, TAS, 75396",20006
Judah,Schuster,,888.519.7578,"Yoshiko Divide, West Aurelieview, ACT, 6369",20004
Stephan,Blick,,866.770.2252,"Elian Mission, Port Jasontown, NT, 80631",20002
Frederick,Thiel,,800-961-2192,"Grant Summit, North Wilfrid, NSW, 2869",20005
Krystina,Prosacco,,(800) 262-5070,"Langosh Flats, South Keonport, NT, 69229",20004
Oswaldo,Wehner,,(855) 378-4568,"Dicki Tunnel, Wizaborough, VIC, 78183",20003
Brenna,Lueilwitz,,1-877-507-8563,"Oscar Courts, Port Brandyside, TAS, 25419",20004
Amber,Paucek,,1-866-883-6743,"Fritsch Pike, Kosston, SA, 56309",20003
Marianna,Sauer,,844-239-2203,"Keira Grove, West Bria, SA, 46915",20007
Deontae,Lynch,,(877) 851-1353,"Lorenzo Station, Adahville, NT, 75576",20007
Hiram,Muller,,1-855-244-2311,"Bode Heights, West Chandlerbury, SA, 13335",20003
Sydni,Schultz,,877.869.5646,"Schmidt Overpass, Kesslerberg, WA, 22161",20004
Charlie,Krajcik,,888-973-2103,"Kuhic Coves, Lake Gabriellaport, NSW, 73535",20006
Kamille,Krajcik,,1-800-522-5346,"Brad Causeway, Jarrettmouth, ACT, 88971",20006
Gracie,Kassulke,,855.484.9109,"Osinski Plains, East Elenafurt, NSW, 56205",20001
Jaiden,Balistreri,,1-855-636-4035,"Zechariah Manors, South Marianeborough, VIC, 64639",20003
Augustus,Wilkinson,,877-233-1554,"Jerrold Neck, Otiliafurt, NT, 43152",20004
Arely,Tromp,,(888) 434-4552,"Ward Square, Dakotamouth, NT, 17002",20004
Aleen,Bauch,,1-877-693-0545,"Eli Tunnel, Reillybury, TAS, 64098",20004
Felicity,Wunsch,,888.759.3015,"Clair Burgs, Estellafurt, QLD, 7796",20001
Audra,Prosacco,,1-855-399-1657,"Reuben Hill, East Providencimouth, NT, 97285",20007
Jack,Mueller,,1-877-837-9294,"Callie Circle, Osvaldohaven, WA, 64159",20001
Ardella,Ebert,,888-488-8940,"Cheyenne Spring, Jacobsonside, NSW, 20623",20006
Eldridge,Purdy,,855-846-0440,"Henriette Via, Serenitychester, QLD, 51519",20002
Sheila,Oberbrunner,,800-690-1403,"Schimmel Fork, East Mattie, QLD, 63790",20003
Efrain,Watsica,,888-335-4845,"Nolan Club, East Savanahborough, QLD, 44709",20007
Saige,Parisian,,800-501-0525,"Garett Key, Walkerfort, TAS, 68234",20004
Turner,Gleichner,,1-866-424-5932,"Jakubowski Isle, West Rupert, NSW, 88773",20003
Marco,Feest,,866-779-9405,"Salvatore Creek, New Hertha, QLD, 34777",20002
Missouri,Fay,,(800) 374-4045,"Heathcote Rest, Ratketon, WA, 70073",20003
Alva,McGlynn,,1-866-615-5864,"Gay Ford, Hauckland, ACT, 78043",20006
Tre,Marquardt,,888-491-7194,"Leuschke Pine, South Camilla, SA, 28269",20005
Ernesto,Kuhlman,,877.600.0098,"Glover Haven, South Genesismouth, QLD, 35960",20004
Josiah,Lemke,,844.836.2607,"Abner Branch, West Sagemouth, SA, 52478",20002
Valerie,Haley,,1-877-202-2286,"Konopelski Shoal, Mistyburgh, ACT, 93504",20005
Rosalyn,McGlynn,,(800) 508-3536,"Devyn Fields, Hermanbury, ACT, 69979",20006
Emile,Walter,,800.209.1622,"Elsie Station, North Willowton, TAS, 43774",20002
Kareem,Erdman,,1-800-558-8017,"Rogahn Park, Strackeshire, VIC, 67600",20002
Maryse,Wisozk,,888.452.0929,"Botsford Manors, Lake Monserrateshire, NT, 40476",20005
Gage,Bergstrom,,(877) 360-2971,"Annetta Fort, East Noel, ACT, 66295",20003
Marilyne,Moore,,855-736-5066,"Hilpert Lodge, Aubreeville, ACT, 31153",20007
Victoria,Purdy,,(800) 480-4092,"Lorena Walks, Abrahammouth, TAS, 70046",20004
Eryn,Reichel,,(866) 832-7934,"Connelly Stravenue, Reichelhaven, WA, 19556",20005
Jalon,Lindgren,,877-884-2481,"Olson Corner, North Aliyah, ACT, 83202",20002
Zakary,Pfeffer,,(888) 933-6660,"Reichel Neck, Port Marta, NT, 19789",20002
Novella,Schuppe,,844.926.4148,"Fadel Shoals, Wernerville, WA, 15230",20002
Horace,Homenick,,888-309-6813,"O'Conner Loaf, West Norafort, WA, 99524",20003
Cleo,Jenkins,,1-877-215-6060,"Donavon Summit, O'Connellbury, WA, 25981",20001
Brandy,Padberg,,877.316.7621,"Margarett Park, Port Micaela, NSW, 60436",20007
Edwardo,Nicolas,,1-866-288-8035,"Assunta Valley, East Justonstad, NSW, 78928",20002
Jamie,Jakubowski,,800-253-9177,"Herman Track, Kundemouth, VIC, 26417",20005
Jamie,Schuppe,,(888) 550-6014,"Winnifred Mountains, South Grahamberg, WA, 68808",20002
Kelton,Berge,,855.888.2209,"Arlie Dale, Fatimaside, TAS, 53900",20002
Alfredo,Luettgen,,1-888-400-3072,"Claudie Tunnel, Aishashire, SA, 76525",20003
Beau,Erdman,,(866) 246-7136,"Lelah Vista, Johnsmouth, VIC, 72623",20001
Devonte,Gottlieb,,844.609.3690,"Larissa Greens, Beierton, VIC, 82564",20005
Kenny,Schuppe,,1-866-800-9458,"Watsica Crest, Sadyeland, TAS, 70326",20005
Francisco,Ondricka,,1-800-406-6177,"Maud Wells, New Rhettfort, TAS, 94003",20001
Cordell,Block,,(888) 666-5970,"Zulauf Points, Dollyview, NT, 21578",20004
Clement,Nolan,,844.696.4330,"Farrell Center, Kearaberg, SA, 8004",20006
Mireya,O,,866-751-3228,"Crist Mountain, East Bradley, VIC, 26379",20004
Myrl,Jacobson,,(800) 259-4928,"Ondricka Ranch, Port Gageside, QLD, 74623",20005
Nathanael,Keeling,,844-270-4278,"Greenfelder Drive, Port Jairoside, VIC, 62391",20001
Olaf,Kuhlman,,(888) 927-7059,"Bayer Row, East Clayport, TAS, 94531",20007
Tierra,Heaney,,877.765.4406,"Chanel Springs, North Maggie, NSW, 40672",20003
King,Marks,,1-866-740-8981,"Heaney Spurs, East Katlynberg, VIC, 28767",20003
Leonora,Ullrich,,877.344.5983,"Mohr Isle, North Herminio, NSW, 82751",20007
Domenica,Ortiz,,1-844-962-0847,"Daniel Valley, Reichertfort, WA, 38652",20005
Jerry,Upton,,(888) 343-1405,"Dibbert Hill, Walshfort, VIC, 73925",20002
Myrl,Leffler,,1-888-598-6516,"Flatley Crescent, Napoleonville, ACT, 43754",20007
Charles,Green,,(855) 938-1566,"Florine Mills, Domenickview, QLD, 68056",20001
Ethan,Adams,,800-894-0262,"Isadore Wells, Kshlerinville, NSW, 46534",20004
Claire,Cronin,,1-888-261-4892,"Therese Squares, North Maudland, NSW, 80915",20006
Leon,Hagenes,,800.480.3112,"Mariela Loop, Lake Madelynn, NT, 63447",20001
Alvis,Wiza,,855.344.7341,"Little Path, North Marianne, NSW, 19146",20006
Josue,Nikolaus,,866.837.2122,"Raphael Lights, Harrisport, VIC, 62096",20004
Derick,Mayer,,800.284.2206,"Hermann Causeway, Lake Veldamouth, ACT, 50742",20005
Ben,Goodwin,,877-481-4983,"Aron Valleys, Edgartown, NSW, 20399",20007
Jan,Sanford,,(844) 931-3328,"Turcotte Bridge, Port Zora, TAS, 60139",20007
Alex,Bayer,,888-410-2988,"Funk Extensions, Immanuelburgh, ACT, 82263",20005
Jairo,Kuvalis,,1-877-227-1143,"Emard Forges, Mayerstad, TAS, 74474",20003
Jeramie,Ratke,,1-888-537-4920,"Cleve Garden, O'Harastad, QLD, 71092",20002
Gwen,Weber,,855-314-2731,"Magnus Unions, Babyview, NSW, 36643",20007
Elwyn,Anderson,,(800) 842-6715,"Elwin Ranch, Kulasbury, WA, 62317",20006
Evan,Klein,,855-491-7037,"Grimes Roads, New Kyla, WA, 4278",20007
Isabel,Swift,,855.326.2876,"Lolita Ferry, Bettyport, SA, 25956",20006
Mittie,Zulauf,,877.726.2035,"Pfannerstill Inlet, Wunschmouth, TAS, 14116",20004
Edd,Stoltenberg,,1-844-533-6080,"Botsford Shore, Alyssonshire, ACT, 89223",20003
Daren,Paucek,,855.815.9972,"Josiah Coves, Bernhardmouth, NSW, 40257",20001
Modesto,Kreiger,,(844) 881-4912,"Brekke Club, Reynoldsland, VIC, 14707",20003
Sven,Gottlieb,,1-888-307-5948,"Edward Loaf, West Mavisborough, TAS, 9060",20002
Emmalee,Schaden,,844-313-7214,"Gleason Road, South Katelin, ACT, 95491",20006
Conor,Bartoletti,,877.724.8381,"Buckridge Forks, Lake Cletashire, QLD, 13090",20001
Micaela,Little,,(877) 770-3002,"Diana Bypass, Port Waylonchester, ACT, 22373",20007
Lorenzo,Klocko,,(888) 265-1431,"Farrell Port, Hackettshire, VIC, 93171",20002
Iliana,Ortiz,,1-888-605-9602,"Reggie Lodge, Davidborough, TAS, 79253",20004
Ned,Gorczany,,800.775.7350,"Lura Mountain, West Otilia, NT, 61676",20001
Chyna,Miller,,888-959-8297,"Lloyd Path, Shanahanborough, ACT, 58543",20004
Oren,Toy,,866.871.3334,"DuBuque Shores, Lake Adanborough, SA, 1021",20006
Lexie,Barrows,,844.772.4716,"Kulas Inlet, New Matteoshire, TAS, 22703",20001
Hazel,Langworth,,(877) 372-7753,"Mackenzie River, Franeckimouth, QLD, 72735",20006
Lelah,Armstrong,,800.539.9656,"Ubaldo Throughway, Felipaview, NT, 72582",20007
Leonie,Russel,,(855) 352-4744,"Terry Turnpike, North Karinamouth, WA, 85729",20007
Leanne,Schaefer,,888.892.1549,"Layla Glens, New Brooksfurt, WA, 30242",20003
Regan,Huels,,855.990.3730,"Brock Overpass, North Rebecca, TAS, 8702",20007
Cassandra,Bartoletti,,(844) 646-8715,"Kasey Station, Jacklynton, ACT, 919",20006
Angie,Muller,,1-800-631-5374,"Toy Mount, Mayachester, QLD, 16538",20001
Forest,Pagac,,1-855-273-1859,"Littel Heights, Trudiefort, SA, 20175",20003
Houston,Johns,,1-877-671-1232,"Felicia Parkway, Richiefurt, NSW, 33484",20002
Reba,VonRueden,,(866) 627-6053,"Harris Motorway, Osvaldoton, SA, 64746",20003
Audra,Lockman,,888-266-9406,"Borer Branch, Reichelside, ACT, 2981",20006
Tess,Herzog,,(844) 630-7544,"Dario Mills, Goldenchester, WA, 51563",20006
Alexandro,Purdy,,844.974.2047,"Rebecca Trace, East Glendabury, WA, 21773",20004
Vida,Hilpert,,877-592-5681,"Ally Fields, East Salvador, ACT, 77107",20004
Amie,Grady,,(877) 480-0471,"Reba Junctions, East Charity, QLD, 37775",20006
Chanelle,Nolan,,844.214.1616,"Justine Street, West Sonia, SA, 26768",20005
Allene,Cremin,,1-844-692-8267,"Rippin Extension, Schmidtshire, NSW, 88354",20006
Van,Leffler,,1-866-605-3096,"Beahan Groves, South Lamarburgh, QLD, 89185",20005
Roberta,Douglas,,800.666.2433,"Torp Throughway, New Anais, VIC, 39190",20002
Preston,Lehner,,866.898.3422,"Vandervort Prairie, Prohaskaborough, TAS, 65372",20006
Velma,Hammes,,1-877-616-0496,"Zemlak Rapids, South Ines, ACT, 6305",20007
Craig,Wintheiser,,866.360.2650,"Powlowski Streets, Lake Keyon, NSW, 59287",20002
Claude,Klein,,877-363-5077,"Shanon Point, South Penelopeberg, NSW, 1202",20003
Kim,Kemmer,,(800) 433-6171,"Crona Roads, Yoststad, NT, 96889",20001
Sophia,Johnston,,1-800-452-4482,"Edwin Pass, Christinetown, QLD, 91695",20003
Gayle,Gulgowski,,(888) 356-7645,"Ritchie Manors, Lake Americo, NSW, 40325",20001
Ernestina,Cartwright,,888-848-6349,"Mozelle Plaza, Masonland, VIC, 63046",20006
Abdullah,Bergstrom,,877-973-2138,"Michael Harbors, North Garfieldport, SA, 18187",20007
Gerard,Conn,,800.700.5008,"Dallin Canyon, Weissnatfurt, NT, 7323",20002
Samson,Nitzsche,,1-844-814-7333,"Volkman Union, West Katelynnport, VIC, 19640",20007
Birdie,Robel,,(866) 227-7552,"Ullrich Curve, Gennarochester, WA, 11266",20006
Beaulah,Dietrich,,866-296-4160,"Schinner Cove, Cruickshankmouth, QLD, 9632",20003
Amely,Sipes,,888-836-7217,"Green Canyon, New Trinity, NSW, 56343",20005
Cletus,Kozey,,888.707.1580,"Orville Brook, New Angelina, VIC, 84753",20004
Katrine,Stamm,,1-877-664-6044,"Dibbert Hollow, North Mckenziefort, ACT, 12087",20004
Kasey,Bednar,,844-980-0911,"Zora Springs, Feestville, TAS, 32289",20003
Winona,Schuster,,888.580.2392,"Zemlak Forge, West Christopherville, TAS, 8489",20005
Hope,Keeling,,1-866-842-6718,"Russel Pass, Port Nicholaus, SA, 40801",20002
Hyman,Stark,,855.961.4673,"Pfannerstill Coves, Port Maevemouth, ACT, 61522",20001
Marianna,Gibson,,844-688-0414,"Lang Divide, Serenityfort, SA, 83737",20007
Kaleb,Berge,,(800) 579-6545,"Zulauf Trace, Zitahaven, QLD, 4413",20006
Jewell,Gaylord,,800-213-3191,"Monserrate Glen, Emmerichberg, NT, 88852",20002
Deangelo,Friesen,,888.685.1580,"Kub Springs, Lake Vicenteborough, ACT, 66905",20004
Anika,Grant,,800-362-2953,"Denesik Via, Trudieberg, TAS, 57309",20004
Mathias,Stamm,,1-877-203-2442,"Carlo Estates, Port Pablo, VIC, 87152",20007
Katlynn,Gerlach,,(855) 913-2736,"Gutmann Islands, East Laurieport, NSW, 63351",20001
Melody,Keeling,,1-888-513-2215,"Ziemann Square, East Vincentstad, VIC, 38830",20005
Hulda,Jones,,866-202-3161,"Wuckert Shoals, New Shanyfort, WA, 67996",20001
Stephon,Leffler,,844.600.9935,"Mante Walk, East Myrtie, TAS, 17019",20003
Renee,Haley,,877-768-2495,"Schiller Drive, Port Fatimaborough, TAS, 90223",20002
Eve,Carter,,800-927-4364,"Carolina Port, Juliusfort, NT, 42421",20002
Eriberto,Beatty,,1-866-409-8726,"Lora Neck, West Lesleyfort, ACT, 76629",20004
Emery,VonRueden,,888.262.7558,"Dora Falls, Nicolasport, ACT, 73303",20002
Justus,Kertzmann,,(877) 414-7963,"Pattie Cove, South Laurelhaven, TAS, 49102",20007
Myron,Jenkins,,844.874.3071,"Eve Cove, Cassinstad, ACT, 59636",20007
Buddy,Cremin,,1-855-337-1293,"Amiya Stream, Lake Tylerstad, SA, 20220",20007
Marianna,Quigley,,888.820.1604,"Pouros Harbors, Morissettestad, ACT, 79403",20007
Eliza,McLaughlin,,(855) 728-1630,"Smitham Turnpike, Ricetown, QLD, 43107",20001
Arnaldo,Donnelly,,1-855-467-2040,"Roger Stream, Port Alyce, WA, 34282",20005
Priscilla,Daniel,,(888) 624-8384,"Dibbert Stravenue, Dickinsonfort, ACT, 43370",20006
Simone,Schamberger,,800-476-7617,"Kris Cove, Arielland, NSW, 31141",20005
Madalyn,Oberbrunner,,888-661-7628,"Jennings Glen, New Lonieland, TAS, 37844",20007
Ayana,Keebler,,(844) 847-9277,"Clotilde Ferry, Huelfort, QLD, 56600",20004
Ralph,Kilback,,(888) 663-2419,"Mueller Crossroad, Lauriannemouth, TAS, 67543",20005
Ernestine,Balistreri,,888-230-7314,"Emmy Tunnel, Tedhaven, NT, 49887",20003
Bertram,Bernhard,,800.735.1130,"Batz Mill, Port Sydney, WA, 89183",20006
Abelardo,Glover,,(844) 746-3448,"Aliza Walks, Conroyview, QLD, 52511",20006
Jasen,Ritchie,,(800) 671-3865,"Libby Parks, Port Adaline, QLD, 91894",20001
Russ,Hand,,877-502-1204,"Kovacek Crescent, Williamton, SA, 57056",20003
Charity,Heidenreich,,1-866-633-3986,"Beahan Camp, Rockymouth, VIC, 37002",20001
Electa,Nicolas,,(800) 252-9169,"Erich Park, Macview, QLD, 19867",20004
Christa,Casper,,1-866-846-3877,"Rhoda Knoll, Turnerville, VIC, 45834",20003
Thad,Sporer,,844.300.2991,"Herminio Ways, Dellaport, NT, 94311",20005
Zora,Schroeder,,877-203-3405,"Halie Isle, Alvertahaven, VIC, 79431",20005
Zoey,Prosacco,,(866) 973-4309,"Boyer Extension, Bridgettestad, TAS, 72140",20006
Brenda,Leuschke,,855-458-2000,"Gottlieb Path, Hermanstad, NSW, 40600",20003
Jerrold,Wilkinson,,1-888-808-4018,"Carley Prairie, Gibsonburgh, SA, 3202",20007
Kelley,Funk,,(855) 213-2557,"Zelda Roads, Brennaborough, WA, 670",20003
Kathlyn,Kerluke,,(844) 452-5828,"Botsford Estates, West Winfield, WA, 75397",20006
Percy,Wyman,,1-888-885-5392,"Dietrich Station, Port Lacy, VIC, 76987",20006
Shayna,Reichel,,(844) 540-2529,"Wilfrid Course, Kraigborough, NT, 18480",20006
Griffin,Goyette,,1-877-828-9809,"Casper Street, South Rubentown, ACT, 2401",20004
Otho,Hilpert,,(800) 298-1215,"Hickle Shores, Kaileeview, NSW, 11174",20001
Jayce,Monahan,,888.617.9255,"Maggio Ranch, Kiehnchester, SA, 85360",20005
Lane,Kautzer,,(888) 317-7943,"Smitham Ford, Gottliebville, SA, 36021",20005
Brenda,Gleason,,1-888-247-7805,"Lang Grove, Boehmmouth, WA, 33247",20002
Durward,Corwin,,(877) 868-3747,"Elijah Mall, Port Sherwoodside, QLD, 58125",20001
Layla,Lind,,888-479-3555,"Noemy Manors, East Ike, NT, 15707",20003
Marge,Hegmann,,844-900-7427,"Okuneva Shoals, Elsastad, ACT, 50836",20001
Jaeden,Mitchell,,1-888-205-1699,"Karianne Throughway, North Prince, TAS, 51103",20005
Ryan,Rice,,1-800-684-8777,"Hackett Forges, East Kieranstad, NSW, 75960",20003
Kathryne,Hackett,,1-888-607-3523,"Stamm Via, West Isidro, NT, 57381",20001
Delta,Pouros,,888-579-4255,"Kessler Fords, South Judge, QLD, 15205",20002
Troy,Murray,,888-514-6069,"Carter Motorway, Pacochamouth, VIC, 94399",20004
Rashad,Wiza,,(844) 592-1901,"Alysha Junction, Aufderharfurt, QLD, 88422",20005
Ulices,Jacobs,,1-888-339-2733,"Lemke Mission, West Emmittview, WA, 82686",20007
Cassie,Huels,,877-259-9715,"Bartoletti Station, Croninfurt, NT, 75176",20002
Beverly,Bosco,,1-844-732-5028,"Herman Coves, Kiarrastad, SA, 53075",20005
Lilyan,Rogahn,,844.747.6711,"Cathryn Cliff, Donatochester, ACT, 2033",20003
Fletcher,Ebert,,877.572.7673,"Boyle Harbor, Hickleland, VIC, 37644",20005
Santino,Schaden,,1-888-397-4275,"Daisha Common, New Rosalind, NT, 60474",20005
Mathilde,Ernser,,(888) 586-0226,"Valerie Keys, Lake Kaitlintown, VIC, 67446",20002
Damaris,Franecki,,844.334.9158,"Osinski Inlet, Schoenfort, QLD, 36592",20001
Dale,Emard,,800.457.1117,"Altenwerth Inlet, Erdmanchester, ACT, 46298",20001
Tod,O,,844.883.2840,"Emmet Way, Koepptown, TAS, 56916",20006
Allan,Jenkins,,1-866-591-4535,"Else Pines, Kuphalland, NSW, 47502",20003
Abelardo,Keeling,,800.418.8275,"Goldner Corners, Runolfssonmouth, NSW, 99065",20001
Chelsey,Hessel,,(844) 617-8705,"Sim Court, Cristalside, NSW, 11000",20002
Claudine,Bernhard,,1-800-513-8566,"Blanda Trafficway, East Evertstad, WA, 87378",20005
Edward,Oberbrunner,,866-626-4861,"Citlalli Dale, Kuphalville, NT, 87219",20005
Cordia,Spinka,,800-409-6556,"Rahsaan Hill, Marjolainemouth, WA, 66387",20001
Rosie,Dibbert,,877.464.1367,"Abbigail Summit, West Gonzalo, QLD, 42808",20005
Harry,Bartell,,(866) 248-8998,"Block Mill, Mooreview, NT, 39555",20003
Maeve,Ondricka,,800.799.6044,"Reina Vista, New Geovannybury, NT, 49147",20003
Lou,Hoppe,,844-887-6770,"Carter Underpass, Todborough, SA, 14644",20007
Daniela,Bailey,,(800) 271-2354,"Retta Oval, West Ettie, QLD, 13006",20002
Quincy,Hauck,,877.469.3866,"Hartmann Grove, Prohaskaside, ACT, 32781",20007
Brayan,Wolff,,(855) 357-3581,"Skiles Field, East Curt, QLD, 70779",20002
Itzel,Wilderman,,(877) 666-6465,"Joanny Dale, Lelandfurt, VIC, 27640",20001
Keagan,Senger,,844-413-4525,"Stehr Mountains, Volkmanborough, WA, 54298",20002
Jimmie,Nikolaus,,1-866-461-9710,"Schaefer Flats, Angeloville, SA, 4641",20003
Dasia,Hagenes,,1-855-444-6489,"Berge Mews, Darwinport, SA, 22257",20001
Kelvin,Metz,,888-597-9910,"Sedrick Radial, Emiliefort, TAS, 4626",20001
Chaim,Windler,,1-844-924-8126,"Sallie Throughway, Swiftburgh, VIC, 1166",20006
Frank,Gibson,,877-864-7680,"Nicolas Crescent, New Caraberg, VIC, 43852",20006
Justen,Upton,,1-888-306-8578,"Becker Route, North Cameron, TAS, 2678",20003
Citlalli,Grady,,800-274-3150,"Kuhlman Summit, Wolffmouth, VIC, 52272",20005
Alta,D,,1-800-612-3769,"Hassie Junction, New Randall, ACT, 83908",20003
Levi,Buckridge,,(800) 738-6502,"Champlin Forks, New Oswald, TAS, 91735",20001
Eryn,Shields,,866.387.8464,"Jermain Bridge, Waelchitown, SA, 24383",20005
Ericka,Bosco,,1-855-874-6964,"Gislason Freeway, Lake Mohammadberg, QLD, 8706",20002
Elinore,Wolf,,(800) 355-1718,"Jacobi Hill, Hesselmouth, SA, 9073",20007
Toby,Jones,,(866) 249-2134,"Leland Skyway, Miltonburgh, NSW, 47535",20004
Mertie,Von,,1-877-638-7647,"Domingo Ferry, Port Dominic, NSW, 19991",20006
Wilmer,Hettinger,,1-866-207-0933,"Barney Brook, Brionnaborough, ACT, 86388",20003
Emmanuelle,Fay,,(855) 857-7815,"Esta Loaf, Boehmmouth, QLD, 60713",20001
Mariela,Schuppe,,866.763.6471,"Audreanne Parks, Enriqueshire, WA, 84253",20003
Emilie,Kessler,,1-800-898-5294,"Laverne Fords, East Darientown, QLD, 48758",20002
Niko,Beier,,1-888-633-3583,"McDermott Plain, Yundtmouth, SA, 5413",20005
Macey,Hyatt,,855-928-1240,"Jakubowski Drives, Port Marilou, NSW, 53974",20001
Cristopher,Ward,,888.817.6609,"Lebsack Fall, North Jaime, NT, 62920",20002
Daniella,Kilback,,1-877-689-9372,"Rosanna Trail, South Eli, TAS, 89115",20005
Koby,Casper,,(800) 223-9199,"Leanna Cliffs, North Jacky, QLD, 6219",20006
Liza,Terry,,1-844-378-2089,"Eichmann Center, Randyview, NT, 23163",20007
Berry,Dach,,(888) 624-4261,"Gusikowski Bridge, South Russside, NSW, 93884",20004
Izabella,Trantow,,1-877-240-9861,"Smitham Orchard, Lake Astridport, TAS, 42282",20006
Anibal,Beier,,1-866-656-5925,"Nitzsche Lights, East Yvonneshire, TAS, 2356",20005
Anabelle,Schultz,,877.902.6941,"Sherwood Plaza, Port Emiliemouth, WA, 43889",20002
Quinton,West,,877-462-5643,"Leonie Dale, New Hal, NSW, 71569",20004
Tia,Nikolaus,,855.519.7168,"Alena Walk, West Mckenna, VIC, 86690",20001
Reagan,Luettgen,,877.610.6070,"Lexus Circles, Gottliebfurt, VIC, 50375",20005
Dean,Feil,,888.879.6219,"Kirsten Mountain, Port Alvertaport, SA, 82952",20005
Cleo,Hilpert,,888-893-4709,"Dare Brook, South Donatoside, VIC, 5393",20002
Carley,Moore,,844.573.6938,"Leopold Lights, South Harmony, VIC, 22276",20004
Daphney,Carroll,,1-855-572-6758,"Tina Forge, Lake Jacksonton, SA, 59545",20005
Emilio,Walker,,1-877-671-1164,"Gerry Center, Donnellymouth, ACT, 55892",20002
Westley,Braun,,1-888-616-0635,"Eliseo Extension, Port Royce, SA, 98929",20007
Dorian,Dickinson,,(800) 450-0895,"Deontae Flat, Goodwinport, TAS, 88778",20003
Blanca,Gislason,,866.768.9469,"Stephanie Unions, East Maryburgh, SA, 35959",20004
Brenden,Collins,,844-402-0442,"Mikayla Cliffs, New Alana, ACT, 20801",20007
Audreanne,Grady,,844.844.3283,"Chasity Square, Vellaport, NSW, 73748",20001
Daisha,Cummings,,866-839-3044,"Zulauf Corners, Port Jany, QLD, 35143",20002
Roman,Glover,,(844) 840-8966,"Anderson Crest, Port Jacyntheview, QLD, 25454",20006
Jadon,Roob,,866-565-3364,"Curtis Overpass, Turnerborough, ACT, 31664",20001
Trinity,Maggio,,(877) 546-2062,"Lang Pine, North Leachester, ACT, 88946",20004
Elisabeth,Olson,,1-877-958-5584,"Johns Rapid, South Salvador, NT, 60201",20001
Felicita,Swift,,(844) 477-2879,"Considine Isle, Port Gregorio, TAS, 55532",20006
Lyla,Walker,,800.539.3667,"Audra Springs, Nedrashire, SA, 61758",20003
Josh,Wilderman,,1-800-388-6987,"Zieme Estate, Stephanport, WA, 87422",20006
Chandler,Bartoletti,,1-800-487-7980,"Kuhlman Highway, South Toby, TAS, 38247",20004
Cornelius,Nitzsche,,866.339.3997,"Gerhold Terrace, Donnellfurt, NT, 87538",20003
Callie,Hegmann,,(844) 620-9337,"Becker Wall, New Novella, WA, 26803",20007
Zoila,Borer,,(800) 463-5220,"Batz Springs, Shieldsstad, TAS, 35809",20001
Carlee,Labadie,,1-888-812-3040,"Jovan Key, Martyfort, VIC, 16771",20004
Arely,Welch,,1-866-690-3514,"Eric Plains, North Christ, NSW, 67030",20004
Tre,Conroy,,844-769-4996,"Adams Tunnel, Port Malvinaland, QLD, 72096",20004
Adrianna,Kuhn,,866-819-3312,"Heathcote Grove, North Lydiaside, WA, 30341",20003
Delbert,Dickinson,,1-866-350-1978,"Alize Union, Alffort, VIC, 20050",20002
Jasper,Prohaska,,(800) 548-3175,"Gonzalo Garden, Raynorstad, NSW, 30146",20001
Vivienne,Nienow,,1-888-252-7744,"Vandervort Place, Mozellberg, TAS, 47165",20003
Wendy,Walsh,,866.658.6577,"Barton Burgs, Marisaborough, NT, 97474",20003
Shakira,Christiansen,,866-563-0431,"Gulgowski Station, Port Mervin, NSW, 56529",20002
Shakira,Kulas,,(866) 383-1404,"Mohamed Springs, Skilesside, TAS, 76502",20006
Faustino,Stamm,,(855) 241-4227,"Marisa Ville, Lake Sheridan, NT, 91912",20002
Garnett,Shanahan,,855-205-9510,"Ullrich Well, North Desireemouth, SA, 45055",20001
Elise,Toy,,(888) 459-1163,"DuBuque Stravenue, South Esthermouth, VIC, 10229",20005
Jovany,Altenwerth,,800-933-4334,"Lucile Lodge, Grahammouth, WA, 70925",20005
Myrtie,Pfannerstill,,844.824.1322,"Raynor Grove, North Verlie, NT, 12329",20002
Sammie,Hagenes,,866.883.3988,"Breitenberg Locks, Roslynmouth, NT, 27898",20002
Sidney,Konopelski,,800.909.3969,"Caesar Green, West Justenborough, VIC, 49194",20002
Meta,Wiegand,,1-888-414-1326,"Lehner Locks, Hirtheville, TAS, 57708",20002
Tavares,Gerhold,,877.394.3552,"Shania Islands, Josephview, WA, 39295",20005
Graham,Stroman,,855.235.3664,"Gislason Landing, Lake Manuelachester, QLD, 52779",20001
Hector,Bruen,,888.930.7468,"Alberta Rue, Dellview, SA, 28090",20005
Darren,Cole,,866-875-8519,"Kuphal Track, Filibertomouth, QLD, 19392",20003
Elwin,Buckridge,,888-947-2324,"Kilback Spur, Sadyetown, VIC, 76696",20006
Gage,Ratke,,844.438.8017,"Andreane Forks, Websterport, TAS, 90421",20005
Nia,Tillman,,1-888-996-4646,"Tillman Springs, North Pierretown, TAS, 31298",20007
Ola,Keeling,,800.986.7719,"Nolan Islands, Morissettechester, QLD, 45847",20003
Amie,Doyle,,888.469.4707,"Augustus Mills, Port Emilymouth, VIC, 72230",20001
Gillian,Hagenes,,877-405-8134,"Nola Streets, Carlieborough, NSW, 8035",20003
Beulah,Marvin,,877.797.4470,"Nico Views, East Jacey, WA, 33018",20007
Angus,Schuppe,,866-591-3975,"Delta Isle, South Maddisonborough, ACT, 37822",20007
Brayan,Schaden,,(866) 718-6759,"Wisozk Shores, Lake Adrienne, QLD, 43809",20001
Bill,Cartwright,,800.633.8376,"Josephine Hills, South Josephinemouth, ACT, 55734",20003
Sammie,Williamson,,800.228.0132,"Ashley Lock, Port Creola, WA, 38474",20001
Audreanne,Lakin,,1-866-277-8928,"Wilber Landing, North Giovannishire, VIC, 71290",20001
Bobbie,Mertz,,(855) 410-9842,"Jacobi Keys, West Janelle, NT, 90104",20001
Rosalind,Schuppe,,855.219.3908,"Carole Ways, Wernerport, NSW, 85520",20004
Desiree,Batz,,(844) 212-7360,"Adrain Estate, Port Lucinda, VIC, 68406",20005
Jada,Lubowitz,,1-877-736-6536,"Langworth Ridges, New Zitatown, ACT, 92348",20004
Marcos,Heathcote,,(888) 907-0349,"White Squares, South Ovafort, QLD, 4424",20003
Dimitri,Emmerich,,877.200.9644,"Powlowski Port, West Lukasshire, QLD, 24853",20004
Tillman,Dicki,,844.458.3595,"Janelle Harbor, Yundtborough, WA, 87590",20005
Olin,Willms,,1-866-821-3575,"Kayley Neck, North Caitlyn, ACT, 89440",20004
Shakira,Connelly,,1-800-457-3259,"Mayert Place, Zemlakville, NSW, 94800",20003
Estell,White,,(877) 282-3296,"Devonte Track, Lake Anneshire, QLD, 38794",20006
Fred,Pouros,,1-877-536-8996,"Betsy Mount, Port Leslie, VIC, 52408",20001
Juliana,Koelpin,,866-743-1106,"Amara Bypass, Lake Lupe, SA, 43075",20005
Jaime,Ratke,,877-350-2056,"Yundt Hill, Gaylordbury, TAS, 63010",20005
Coty,O,,1-877-651-0306,"Harrison Walk, Groverbury, NSW, 30126",20002
Lionel,Borer,,844-994-7926,"Hoppe Locks, West Beaulahfort, NSW, 5695",20005
Sterling,Hauck,,1-877-203-2519,"Luna Well, Lake Khalid, WA, 5944",20005
Jakayla,Donnelly,,(888) 274-3942,"Evangeline Green, Funkshire, ACT, 32635",20005
Amelia,Marquardt,,1-844-383-5272,"Marie Underpass, New Garth, QLD, 88653",20007
Everett,Hill,,(844) 669-6205,"Noemi Mountain, South Reesemouth, TAS, 15973",20005
Vivian,Glover,,877.747.4172,"Maya Ranch, East Gennaro, TAS, 48032",20006
Jordon,Schiller,,1-888-869-3022,"Carolina Shoal, New Kolbymouth, VIC, 98381",20007
Jasen,Bogisich,,(877) 393-4623,"Koelpin River, East Blanche, NSW, 33242",20007
Aric,Parker,,(800) 600-8299,"Hills Orchard, Mrazmouth, QLD, 81037",20005
Corine,Fadel,,1-800-651-8351,"Ariane Highway, West Alberto, NSW, 81286",20007
Davin,Konopelski,,866-638-8190,"DuBuque Street, Doylebury, WA, 17281",20002
Emmie,Barrows,,(844) 656-1734,"Bianka Pike, Gibsonmouth, VIC, 13906",20001
Carmine,Baumbach,,1-866-819-0847,"Spencer Vista, North Eliseofort, TAS, 8174",20005
Zachary,Ferry,,1-888-963-1766,"Robel Trail, New Kevinmouth, SA, 3349",20005
Ansel,Gutkowski,,1-888-787-5551,"Miguel Neck, North Wilton, TAS, 93232",20001
Jordon,Leuschke,,877-822-1964,"Schaden Mission, West Ella, QLD, 20245",20007
Norris,Senger,,866.625.9624,"Zella Shoal, Murrayport, WA, 16278",20004
Genesis,Bahringer,,877-260-6710,"Jude Islands, New Felicitamouth, TAS, 95078",20002
Carey,Torp,,888.750.1297,"Monroe View, Riceton, VIC, 77296",20006
Erik,Hermiston,,1-877-530-7874,"Celine Walk, Bradtkebury, QLD, 68871",20004
Abner,VonRueden,,(855) 416-2810,"Daugherty Locks, South Zandermouth, SA, 26572",20007
Nicholas,Moen,,1-866-235-0260,"Braun Fords, Horaciostad, NT, 98610",20004
Woodrow,Lowe,,877-576-4846,"Buckridge Extensions, South Destany, ACT, 7505",20007
Toby,Torphy,,(866) 689-0864,"Makenzie Prairie, North Rowenastad, WA, 47060",20001
Gertrude,Waters,,844-288-5962,"Marguerite Garden, South Rosemarieberg, VIC, 65096",20004
Kelley,Nienow,,855.786.5895,"Shanahan Mission, Rogahntown, VIC, 70339",20002
Mathilde,Kertzmann,,1-844-542-4122,"Will Loaf, Lemkemouth, QLD, 86346",20002
Alessandra,Kertzmann,,1-844-357-2821,"Caleb Stream, North Alysa, NT, 61924",20004
Cassie,Kemmer,,1-866-687-6004,"Kiera Vista, Jailynhaven, SA, 36925",20003
Kristy,Konopelski,,1-866-377-5770,"Dameon River, Hanemouth, NT, 65491",20005
Candace,Nader,,888.774.9048,"Jones Lights, Betsymouth, QLD, 92036",20005
Reyes,Maggio,,844.580.7570,"Rau Falls, West Terence, WA, 69922",20001
Mikayla,Wiegand,,(855) 567-3127,"Lucio Rapids, South Ludie, SA, 99330",20005
Tianna,Heathcote,,(866) 565-7243,"Reggie Crossroad, East Mariahview, TAS, 58226",20005
Katelin,Schinner,,877.509.5688,"Savannah Village, New Cydneyshire, VIC, 3092",20001
Opal,Auer,,1-866-587-0917,"Keebler Mission, Lockmanside, VIC, 70208",20007
Imogene,Robel,,888.718.9596,"Abbott Harbors, East Doris, ACT, 17696",20002
Fredy,Becker,,1-877-836-1363,"Odessa Drives, Howellside, VIC, 19530",20002
Andrew,Jakubowski,,888.676.0313,"Fay Manor, Bergstrombury, WA, 88370",20007
Trey,Goyette,,855.975.7153,"Jones Inlet, North Zelma, SA, 61345",20001
Lisa,Frami,,866.659.0565,"Sporer Shore, Port Frederik, WA, 22407",20006
Giovanna,Hermann,,1-888-338-6684,"Grant Cape, Tillmanview, SA, 98447",20002
Tyreek,Kuhic,,1-877-570-9988,"Elsa Station, South Dinatown, QLD, 75962",20006
Jacynthe,Nikolaus,,877.787.7792,"Witting Camp, East Dallasburgh, TAS, 23549",20003
Mittie,Reichel,,844-258-2550,"Tavares Plains, Lake Monica, SA, 89559",20003
Wallace,Collier,,877.613.6244,"Joanny Run, Port Joany, NSW, 35365",20007
Noelia,Smith,,866-484-9007,"Schowalter Bypass, Paxtonfurt, WA, 60644",20003
Jeromy,Stokes,,(855) 867-0887,"Christop Forges, North Luciemouth, ACT, 28759",20006
Fanny,Abshire,,(877) 937-6479,"Demarcus Burg, Leilaview, VIC, 77966",20004
Dayna,Reynolds,,(844) 538-7348,"Coby Islands, Lake Leopoldtown, NSW, 51812",20003
Abdiel,Kerluke,,844.256.9074,"Earl Divide, Port Rachelburgh, NT, 70857",20006
Tristian,Kilback,,800.439.7127,"Turcotte Run, South Alvinaberg, NSW, 92748",20001
Willie,Torphy,,800.754.0439,"Amelia Shoal, Emilieberg, WA, 67864",20002
Eda,Kuhn,,1-866-420-1890,"Greg Wall, Spinkaview, QLD, 43771",20002
Victoria,Legros,,877-650-7597,"Dietrich Mountains, West Missouriland, QLD, 12561",20003
Petra,Predovic,,(844) 563-9385,"Borer Keys, Lehnerport, NT, 1581",20003
Norris,Schiller,,(844) 939-9509,"Leon River, Lake Felixburgh, NT, 48864",20004
Jaden,Watsica,,1-888-869-4059,"Veum Freeway, Enolaport, SA, 80294",20007
Crystal,Yost,,855-898-5838,"Ransom Mews, New Morton, SA, 2894",20005
Amanda,Klocko,,855-984-7561,"Earline Park, Port Americo, TAS, 41473",20001
Matilda,Deckow,,855.298.9893,"Deborah Shoals, West Malvinaborough, NSW, 18580",20005
Judy,Leannon,,1-800-700-0390,"Sydnee Via, Thaddeusmouth, QLD, 22187",20002
Darion,Tromp,,1-866-820-8718,"Gutmann Lights, West Aylintown, NT, 91953",20007
Samantha,Turner,,888.478.8737,"Wintheiser Mountain, Lake Kane, ACT, 35585",20002
Ernesto,Leffler,,844-542-3657,"Hagenes Station, Karleeshire, TAS, 50489",20006
Donnell,Reilly,,(866) 322-6904,"Collins Walk, New Clarabelleton, ACT, 17006",20001
Maud,Harris,,1-866-510-5553,"Vandervort Bridge, New Aliyahbury, NSW, 7215",20005
Maurine,Rippin,,888-364-6557,"Alexane Meadows, Malindaville, NSW, 85491",20001
Elyse,Blanda,,(866) 495-5530,"Thiel Heights, West Kellyfurt, VIC, 64218",20004
Gia,Smith,,1-800-598-2120,"Reichel Lodge, Keeblerstad, NT, 97131",20003
Kirsten,Bruen,,888-504-8402,"Orville Manors, Hansenbury, VIC, 43694",20002
Kelli,Schowalter,,(844) 691-7718,"Corkery Avenue, East Jamiefurt, QLD, 32821",20007
Eileen,Emard,,888-783-7321,"Berge Throughway, North Paula, SA, 8861",20003
Davin,Smith,,(800) 879-5470,"Valerie Mountains, Keyshawnfurt, VIC, 2160",20006
Marisol,D,,(877) 226-4637,"Trevion Views, North Schuylerburgh, ACT, 21363",20004
Vernie,Grady,,877-229-7315,"Heidenreich Hills, Lueilwitzbury, NT, 11013",20006
Brendon,Corkery,,800-575-4147,"Fredy Road, Welchbury, ACT, 81544",20003
Lillian,Walker,,(800) 650-8872,"Medhurst Knolls, Uptonhaven, SA, 54474",20006
Eliezer,Schiller,,1-844-610-0758,"Hillary Way, Eloisahaven, ACT, 69091",20003
Sierra,Marvin,,1-844-698-9735,"Felipe Shores, East Amarichester, QLD, 46420",20001
Conor,Farrell,,877-390-9429,"Eliane Summit, North Aniyaview, VIC, 74181",20005
Aurelia,Hermann,,844.732.8101,"Leffler Greens, Arliefort, QLD, 3049",20006
Tania,Dicki,,800.897.0721,"Schamberger Via, West Groverstad, SA, 28927",20001
Rosie,Langosh,,844.660.6639,"Goodwin Overpass, South Zena, TAS, 93144",20001
Leonardo,Lakin,,877.976.7812,"Ebert Crest, Bayleefurt, VIC, 26247",20007
Troy,Zboncak,,855-668-7845,"Rosenbaum Estate, New Rodgerchester, SA, 6335",20002
Jaleel,Schaefer,,800-853-3846,"Loraine Roads, Robelview, WA, 98713",20002
Jamaal,Ebert,,(888) 491-1715,"Bode Squares, Abbottfurt, TAS, 67843",20004
Faye,Torp,,888.981.0880,"Mya Viaduct, Estaport, SA, 59634",20007
Nora,Raynor,,800.354.0534,"Diana Views, West Stevefurt, ACT, 73556",20004
Lydia,Orn,,(877) 752-3432,"Sauer Passage, Christelleside, NT, 25069",20005
Aisha,Lind,,800-835-3647,"Elisha Burgs, Port Erictown, QLD, 2132",20004
Arnold,Tremblay,,877-971-0222,"Minnie Turnpike, West Emersontown, WA, 60543",20006
Tianna,Maggio,,800.763.5528,"Schumm Lodge, Reichertburgh, TAS, 31168",20003
Hubert,Eichmann,,(800) 341-4191,"Stanton Camp, Yasminborough, NT, 86100",20002
Meagan,Gleason,,855-486-8024,"Blanda Street, New Magnolia, TAS, 22509",20005
Amely,Lowe,,1-877-708-8952,"Deonte Expressway, Dickinsonborough, ACT, 23485",20003
Breana,Schiller,,(877) 721-2214,"Breitenberg Ville, Ledashire, NSW, 27830",20002
Caleb,Konopelski,,800.454.5727,"Moriah Avenue, North Cecile, QLD, 71693",20003
Alphonso,Davis,,1-855-255-3570,"Olson Shoal, West Einarmouth, QLD, 16119",20007
Reva,Wuckert,,1-855-413-9970,"Rowland Tunnel, Lake Chaunceymouth, ACT, 79772",20007
Rosemarie,Schulist,,1-888-476-8884,"Freeda Avenue, North Sheachester, NT, 47433",20007
Lorenz,Ratke,,866-255-2372,"Gusikowski Isle, Laishabury, WA, 11312",20002
Cyrus,Kreiger,,888-287-1709,"Jonas Village, Port Eldastad, TAS, 41050",20004
Brent,Muller,,(877) 406-7317,"Auer Roads, Estelfort, NT, 18511",20004
Perry,Goodwin,,866.930.3875,"Keebler Roads, Millieberg, NSW, 27921",20002
Iliana,Trantow,,888.848.2913,"Wehner Valleys, Juddshire, NSW, 86097",20007
Joanne,Hills,,(888) 690-1754,"Garrett Trail, Port Lenna, WA, 63386",20004
Gerard,Spencer,,877-673-8325,"Russell Mission, Ritchiestad, NSW, 3573",20004
Dexter,Crona,,(877) 499-8309,"Stamm Ridge, North Maritza, SA, 3783",20006
Clay,Heathcote,,855-302-8785,"Tremaine Extension, East Bridgette, SA, 54774",20007
Eusebio,Schinner,,(877) 962-1733,"Rupert Falls, Hirthemouth, QLD, 65189",20002
Linda,Kunde,,877-449-5045,"Taya Ports, Walshtown, NSW, 8705",20002
Kelley,Johnston,,888-971-6486,"Adonis Walks, Port Orlandotown, NSW, 4936",20004
Saige,Konopelski,,1-800-330-4660,"Sebastian Pass, New Agustinaport, NT, 67559",20004
Ford,Bruen,,844-246-0652,"Weimann Turnpike, New Kayla, NSW, 141",20004
Madelynn,Larkin,,(866) 438-6173,"Yazmin Heights, New Nellashire, SA, 15618",20001
Alvera,Beatty,,844-238-8598,"Enos Common, Barrowston, NSW, 13479",20005
Evans,Corkery,,(844) 379-3534,"Victor Tunnel, Baileystad, NT, 10561",20002
Elbert,Jenkins,,1-888-783-8172,"Allie Harbors, Dawsonstad, WA, 74473",20003
Alexzander,Ferry,,866.352.7931,"Schimmel Street, Morrisburgh, QLD, 47297",20004
Warren,Gottlieb,,877.492.5249,"Raul Point, Kossville, WA, 96096",20007
Joe,Crooks,,1-855-584-9598,"Lelah Run, West Aliaport, ACT, 35331",20003
Delores,Erdman,,(844) 576-1863,"Farrell Trail, Lake Rosieport, NSW, 16113",20002
Rosalyn,Pfeffer,,800.428.2641,"Zoey Ford, Ellsworthfort, VIC, 43468",20003
Itzel,Jaskolski,,800.518.3747,"Erling Plain, Myrtieshire, NT, 47634",20005
Norris,Sipes,,1-855-384-9987,"Alize Pine, Lake Dorianville, TAS, 87137",20007
Clifford,Haag,,855-756-1763,"Terrell Manor, Lake Chloeland, NT, 82360",20006
Diamond,Marvin,,(888) 486-8478,"Lincoln Fall, Hickleville, WA, 57586",20001
Jerome,D,,1-800-529-7823,"Breitenberg Valley, New Matildamouth, SA, 91636",20005
Darrell,Jakubowski,,877-958-5744,"Clementina Coves, Gleasonhaven, QLD, 30353",20007
Melissa,Daugherty,,866.647.6482,"Douglas Estate, Londonchester, QLD, 94386",20003
Kari,Greenholt,,877-700-7279,"Kulas Springs, Bogantown, TAS, 73956",20007
Monserrat,Breitenberg,,844-216-5595,"Runte Junction, New Hermannborough, TAS, 5107",20003
Dannie,Jakubowski,,888.947.4581,"Hand Causeway, East Karolannview, ACT, 5861",20006
Brandt,Hilpert,,888-755-2480,"Kiehn Roads, Stiedemannview, WA, 51521",20002
Curt,Dickinson,,855-897-7754,"Nella Springs, Port Francescoshire, VIC, 15989",20001
Jude,Emmerich,,877.302.5334,"Okuneva Pike, Scarlettville, NT, 20452",20001
Zaria,Denesik,,888-665-9367,"Mikel Haven, Dachmouth, QLD, 40826",20003
Lorena,Friesen,,1-877-752-4533,"Rosanna Extensions, Selinaville, ACT, 17246",20006
Riley,Hane,,855.391.6061,"Medhurst Plaza, Rennerton, VIC, 26950",20006
Brent,Daniel,,855.560.2097,"Kareem Throughway, Heathcotehaven, NSW, 45983",20004
Marie,Dickinson,,(888) 901-7881,"Rolfson Neck, Heidenreichbury, SA, 43432",20003
Zelma,Schaefer,,1-855-513-6035,"Toy Square, Mallieport, VIC, 36918",20003
Hershel,Nolan,,1-800-883-0722,"Mosciski Forge, New Juston, WA, 97268",20001
Shanny,Skiles,,(800) 215-4320,"Johnston Well, Jodiefort, SA, 55927",20007
Lucienne,Hansen,,1-855-884-6887,"Joe Mission, Schultzland, SA, 10028",20005
Salvatore,Crist,,855-621-4971,"Littel Meadows, Schadenburgh, TAS, 1854",20005
Darrin,Nolan,,844.219.7482,"Anibal Squares, Port Chasity, NSW, 83995",20007
Roderick,Moore,,877.446.1201,"Josianne Lodge, Port Jarrett, QLD, 32933",20004
Cordie,Kozey,,(855) 989-9061,"Jovan Key, East Brendashire, NT, 82731",20001
Jazmin,Fadel,,844-874-8442,"Alejandra Islands, Rathborough, QLD, 19891",20007
Eudora,Langworth,,(877) 340-9306,"Robbie Unions, Port Lilla, SA, 93013",20007
Stephon,Buckridge,,844-562-3816,"Mitchell Throughway, Bauchbury, ACT, 27145",20002
Kathleen,Waelchi,,(855) 818-5847,"Walter Via, Abeberg, ACT, 84583",20007
Ali,Heathcote,,(866) 727-7570,"Nyah Falls, East Enaburgh, SA, 43838",20007
Damaris,Smitham,,855.649.1932,"Shanel Lakes, Mohrside, NSW, 78728",20007
Alessandra,McClure,,(888) 443-3724,"Rachel Ford, Bergstromfurt, WA, 48334",20002
Erika,Tromp,,800-862-2650,"Noemy Ports, North Ricostad, WA, 86484",20001
Maia,Hartmann,,888-884-3921,"Hallie Centers, South Mariam, VIC, 48752",20004
Maxime,Gulgowski,,800-518-1231,"Corkery Bridge, Wilmerfurt, NSW, 44107",20006
Keeley,Marquardt,,855-449-9853,"Miracle Loop, North Ralph, SA, 82203",20002
Chloe,Wisozk,,877-844-3392,"Anissa Grove, Nolanberg, QLD, 36999",20007
Nat,Beier,,(800) 865-3895,"Friesen Avenue, South Corene, WA, 5919",20001
Fabian,Turner,,888.368.7000,"Klein Pass, North Christianfort, ACT, 13649",20005
Tomasa,Hodkiewicz,,1-844-322-5535,"Cale Forest, West Karli, NSW, 34575",20001
Archibald,Little,,(888) 306-2855,"Emily Islands, Port Lyla, NSW, 55324",20004
Charlotte,Lesch,,(877) 374-5245,"Predovic Mission, Lake Arnaldo, VIC, 9505",20001
Connor,Bernier,,1-855-410-8648,"Nikolas Springs, Port Rosaleeport, QLD, 79762",20007
Bernita,Murazik,,877.203.3939,"Bartell Curve, Bellatown, NSW, 84862",20005
Adelbert,Ryan,,855.516.9624,"Chasity Island, Wellingtonton, ACT, 50826",20001
Caleigh,Green,,866-436-6832,"Stoltenberg Course, Londonville, NSW, 79253",20003
Jaylon,Moore,,866-306-5948,"Bashirian Unions, Rogahntown, ACT, 61635",20005
Hildegard,Klein,,1-800-376-4608,"Altenwerth Grove, Laurinechester, NT, 91849",20006
Zita,Kulas,,(855) 293-7867,"Mueller Stravenue, Lake Marjolaine, WA, 77579",20004
Keenan,Harber,,1-888-990-1676,"Heathcote Shores, East Dillon, NSW, 75706",20006
Nola,Cormier,,(888) 624-3034,"Baumbach Field, Efrainville, SA, 81976",20003
Albertha,Fahey,,877.274.0307,"Theresia Isle, Aglaeview, QLD, 60509",20006
Blaise,Collins,,1-877-670-1920,"Heller Lakes, Preciousborough, NT, 61903",20005
Lilly,Hand,,1-855-662-0253,"Emmerich Manor, Port Grace, NT, 85413",20006
Kiana,Conn,,877-616-5750,"Torrey Center, Schroederview, NSW, 47468",20004
Jonathan,Zboncak,,(800) 562-3343,"Mohr Shoal, Brannonland, VIC, 5511",20001
Margarete,Turner,,1-866-895-0005,"Marjory Divide, West Heathshire, ACT, 77852",20006
Maudie,Kub,,(844) 646-9501,"Brent Locks, Eusebioport, WA, 70005",20007
Irving,DuBuque,,866.428.3993,"Rolfson Ford, Joshuahchester, NSW, 19113",20005
Brenden,Greenholt,,1-888-520-7929,"Rosie Station, Rogahnhaven, ACT, 22360",20006
Talia,Berge,,866-272-9554,"Adolphus Branch, New Mekhi, NT, 83882",20001
Faustino,Padberg,,(844) 282-5593,"Gerardo Key, Funkmouth, QLD, 51711",20004
Tiffany,Rolfson,,(800) 556-6309,"Miller Hill, Sophiaville, ACT, 67124",20002
Antonietta,Russel,,(800) 651-1373,"Tressa Walks, Gerlachview, QLD, 73919",20001
Otilia,Johnston,,(888) 771-4276,"Dare Pines, Abigayletown, TAS, 72152",20002
Kacie,Abbott,,1-844-703-0599,"Labadie Forge, East Isaac, SA, 95579",20004
Mona,Kiehn,,844.850.3065,"Rath Path, New Gregory, ACT, 87300",20003
Dayne,Johnson,,(855) 866-3923,"Mozell Union, Ezequielmouth, WA, 7671",20007
Nola,Kerluke,,(877) 854-8560,"Kemmer Spring, North Bettyeborough, NSW, 51093",20003
Nicola,Welch,,855.963.9583,"Minnie Plains, West Blancastad, WA, 34329",20002
Antwon,Pacocha,,844-330-7079,"Brandon Forges, West Hughhaven, SA, 53739",20006
Vella,Mraz,,866.264.4004,"Kirlin Ville, New Laverneborough, VIC, 63309",20002
Vergie,Mills,,1-877-290-0727,"Franecki Groves, South Simone, WA, 5236",20002
Dallin,Brakus,,1-800-470-2082,"Zane Row, Oswaldoside, NT, 79497",20004
Kylee,Emmerich,,844.482.2591,"Lehner Club, Goldenport, TAS, 58041",20006
Earnestine,Wilderman,,800.516.5095,"Winifred Square, North Ericaview, WA, 10741",20003
Cielo,Gerhold,,1-855-944-1882,"Henriette Estates, Port Graceside, QLD, 57542",20007
Angelica,Ratke,,877.649.2982,"Zola Corners, Elwintown, WA, 20944",20002
Melyna,Tromp,,844.773.5971,"Bayer Course, Jastmouth, WA, 77581",20002
Merlin,Torp,,(855) 717-9818,"Enos Bypass, East Dessieland, ACT, 70119",20004
Micheal,Emard,,877.453.0037,"Daisy Keys, Jastshire, WA, 36627",20002
Lavinia,Hermiston,,855-568-8988,"Olson Parkways, Kendallburgh, ACT, 83745",20001
Oda,Klocko,,1-844-626-2891,"Mellie Stravenue, East Paulmouth, VIC, 65932",20007
Gregoria,Murphy,,877.276.8092,"Woodrow Run, East Brandon, NT, 54056",20006
Jaiden,Cruickshank,,800.446.8268,"O'Connell Mills, Ebonymouth, TAS, 63267",20001
Keenan,Lynch,,1-866-908-4314,"Ankunding Street, West Kristinton, TAS, 44710",20002
Dashawn,Mayert,,1-800-826-8614,"Gibson Villages, Port Lorenz, TAS, 82751",20004
Beau,Rodriguez,,855-341-4893,"Mayert View, Lueilwitzhaven, QLD, 22494",20006
Thora,Brown,,(888) 496-9649,"Clovis Estate, Lemkestad, NSW, 60847",20004
Dorris,Johnson,,888.866.2315,"Runolfsson Shore, New Huldachester, TAS, 36714",20003
Martin,Brown,,1-844-634-5556,"Gibson Way, New Shad, NT, 1628",20002
Kelly,Quigley,,855-229-0292,"Olin Rapid, Lake Waldoland, NSW, 50296",20007
Loyce,Douglas,,800-836-4370,"Judd Corner, Maziechester, WA, 75426",20006
Germaine,Crona,,844-600-9751,"Kuhn Station, North Elvis, SA, 22378",20003
Robbie,Block,,(800) 847-5019,"Kyler Creek, Stantonburgh, VIC, 39972",20001
Litzy,Cormier,,(844) 763-5542,"Dickinson Mountains, New Amyaport, WA, 35793",20006
Madelyn,Yundt,,844-312-7733,"Sandy Causeway, Jaskolskibury, SA, 31562",20001
Stevie,Beier,,(844) 856-6379,"Wisoky Junctions, Stammfurt, ACT, 69892",20001
Harmony,Reinger,,1-844-702-3745,"Schmeler Way, East Ashleigh, WA, 76834",20005
Alyce,Wunsch,,866-794-1111,"Florian Alley, Drakebury, NT, 61538",20007
Rey,Grant,,877-478-2180,"Warren Spur, North Gene, TAS, 95402",20001
Derrick,Macejkovic,,(855) 597-2787,"Brisa Wells, Vernicefort, QLD, 13363",20001
Alexanne,Spencer,,1-844-888-8685,"Braun Springs, Jadenfurt, TAS, 62979",20004
Clemmie,Krajcik,,1-844-543-1829,"Paige Extensions, Thompsonport, WA, 13258",20001
Jody,Halvorson,,888-517-7372,"Kunze Springs, Wallacemouth, ACT, 73300",20004
Juvenal,Von,,855.460.5497,"Keeley Street, Parisside, ACT, 45087",20003
Beryl,Purdy,,844.696.1373,"Wiza Walks, Germanmouth, SA, 3505",20002
Santina,Koch,,(877) 647-3072,"Becker Ville, Aliciatown, TAS, 92454",20006
Evangeline,Funk,,1-800-546-4183,"Effie Flats, Everettetown, SA, 11427",20006
Tevin,Hickle,,888-668-1072,"Spencer Forge, South Sophie, ACT, 27248",20005
Watson,Dietrich,,1-866-777-5281,"Ivy Path, Darenberg, WA, 17708",20005
Taya,Cummings,,866-843-4115,"Ulises Expressway, East Johathanfort, NT, 30862",20001
Anna,Little,,855.568.3571,"Jacobson Highway, West Rahsaanmouth, ACT, 17410",20005
Kamryn,Kertzmann,,1-877-471-2200,"Cornell Bypass, North Cleveland, VIC, 50575",20006
Katharina,Farrell,,866.212.3487,"Gleichner Corner, Nicolasshire, VIC, 10751",20001
Owen,Boehm,,(855) 359-1945,"Dayne Keys, West Granville, QLD, 79678",20006
Ramiro,O,,877-931-4223,"Treutel Mall, Ardithton, SA, 91393",20007
Schuyler,Kerluke,,1-800-517-6054,"Earnest Estate, Asiaborough, NT, 87542",20003
Jamil,Hoeger,,800.413.5807,"Kihn Lakes, North Asaview, VIC, 36307",20007
Adolphus,Russel,,(866) 478-8073,"Bahringer Summit, Trompfort, TAS, 27497",20001
Jaiden,Green,,1-855-472-7048,"Yasmin Inlet, East Ivory, NT, 93753",20001
Marquise,Towne,,(855) 459-8346,"Quinton Cape, Itzelborough, ACT, 36344",20001
Modesta,Durgan,,866-382-6345,"Pouros Drive, New Lauren, SA, 11303",20003
Heloise,Windler,,1-844-740-3949,"Aditya Knolls, North Robert, VIC, 13863",20003
Daisy,Zemlak,,(800) 385-8043,"Felipa Camp, Donavontown, NSW, 84471",20001
Jaleel,Little,,1-844-506-7030,"Osborne Mountain, Briantown, VIC, 24737",20002
Aletha,Orn,,888.225.2438,"Kessler Divide, Borerhaven, NT, 81518",20002
Roberta,Tillman,,1-844-412-8820,"Goldner Stream, Laurentown, NSW, 10265",20007
Geraldine,King,,866-901-8210,"Nader Park, South Unahaven, NT, 26836",20001
Kimberly,Bogisich,,1-855-752-6309,"Orland Garden, South Lianaland, ACT, 12726",20001
Paige,Wiegand,,(888) 299-0183,"Logan Road, North Aleenfort, NSW, 65292",20001
